Movie,Sriram,Srivathsa,Director_Producer,Language,Actor,Genre,Year
Smith,98,98,Director_Producer,English,Actor Name,Drama,1990
Incredibles,91,89,Pixar,English,NA,3D Animation,2004
Schindler's List,95,97,Steven Spielberg,English,Liam Neeson,War,1993
Forrest Gump,91,89,Robert Zemeckis,English,Tom Hanks,Drama,1994
Artificial Intelligence,88,87.25,Steven Spielberg,English,Haley Joel Osment,Sci-fi,2001
The Bicycle Thieves,91,87,Vittorio De Sica,French,NA,Drama,1948
Saving private Ryan,95,96,Steven Spielberg,English,Tom Hanks,War,1998
Mr Smith goes to Washington,0,86.5,Frank Capra,English,James Stewart,Drama,1939
The Godfather,92,96,Francis Ford Coppola,English,Al Pacino,Crime,1972
Citizen Kane,91,90,Orsen Welles,English,Orsen Welles,Drama,1941
Jurassic Park,88,90,Steven Spielberg,English,Sam Neil,Adventure,1993
Raging Bull,85,89,Martin Scorcese,English,Robert DeNiro,Drama,1980
Tokyo Story,0,88,Yasujiro Ozu,Japanese,Chishu Ryu,Drama,1953
Minority Report,88,87,Steven Spielberg,English,Tom Cruise,Sci-fi,2002
Cast away,82,85.5,Robert Zemeckis,English,Tom Hanks,Adventure,2000
Finding nemo,89,88,Pixar,English,NA,3D Animation,2003
The Lost World,84,87,Steven Spielberg,English,Jeff Goldblum,Adventure,1997
Rashomon,95,86,Akira Kurasawa,Japanese,NA,Drama,1950
Kill Bill - Volume 2,86.5,85,Quentin Tarantino,English,Uma Thurman,Action,2004
The Thirty Nine Steps,70,70,Don Sharp,English,Robert Powell,Thriller,1978
All About Eve,90,86.5,Joseph L. Mankiewicz,English,Anne Baxter,Drama,1950
Apocalypse Now(Redux),88,86,Francis Ford Coppola,English,Marlon Brando,Horror,1979
Rope,84,84.25,Alfred Hitchcock,English,James Stewart,Thriller,1948
Naan Kadavul,84.5,83.25,Bala,Tamil,Arya,Drama,2009
Munich,93,93,Steven Spielberg,English,Eric Bana,Drama,2005
WALL E,87,88,Pixar,English,NA,3D Animation,2008
The 400 Blows,86.5,86,Francois Truffaut,French,Jean-Pierre Léaud,Drama,1959
Terminator 2 :The Judgement Day,86,86,James Cameron,English,Arnold,Sci-fi,1991
Cars,85,86,Pixar,English,NA,3D Animation,2006
Taxi Driver,84,86,Martin Scorcese,English,Robert DeNiro,Crime,1976
Gandhi,82,85,Richard Attenborough,English,Ben Kingsley,Biopic,1982
Crash,79,84,Paul Haggis,English,Matt Dillon,Drama,2006
Odd Couple,0,84,NA,English,NA,NA,NA
On Golden Pond,0,83.75,Mark Rydell,English,Henry Fonda,Drama,1981
Slumdog Millionaire,83.5,83.5,Danny Boyle,English,Dev Patel,Drama,2008
Ratatouille,86,87,Pixar,English,NA,3D Animation,2007
Inglourious Basterds,86,86,Quentin Tarantino,English,Brad Pitt,War,2009
City of God,85.5,86,"Fernando Meirelles, Katia Lund",Portuguese,Alexandre Rodrigues,Crime,2002
Polar Express,87,85,Robert Zemeckis,English,Tom Hanks,3D Animation,2004
The Apartment,0,84.5,Billy Wilder,English,Jack Lemmon,Drama,1960
Kramer Vs Kramer,0,83.5,Robert Brenton,English,Dustin Hoffman,Drama,1979
Up,86,89,Pixar,English,NA,3D Animation,2009
A Hard Day's night,87,88,Richard Lester,English,Beatles,Comedy,1964
It’s a wonderful Life,0,88,Frank Capra,English,James Stewart,Drama,1946
Goodfellas,86,87.5,Martin Scorcese,English,Robert DeNiro,Crime,1990
Sirachalai,89,86,Priyadarshan,Tamil,Mohanlal,Period,1996
The Shawshank Redemption,84,86,Frank Darabont,English,Tim Robbins,Drama,1994
Matrix,90,85,Wochaski Bros,English,Keanu Reeves,Action,1999
Black,85,85,Sanjay Leela Bhansali,Hindi,Amitabh Bachan,Drama,2005
Antichrist,82,84,Lars von Trier,English,Willem Dafoe,Horror,2009
Chicago,85,84,Rob Marshall,English,Richard Gere,Musical,2002
District 9,87,83.5,Neill Blomkamp,English,Sharlto Copley,Sci-fi,2009
The Deer Hunter,0,83.5,Michael Cimino,English,Robert DeNiro,War,1978
Indian,84,83,Shankar,Tamil,Kamal Haasan,Drama,1996
Hey Raam,83,83,Kamal Haasan,Tamil,Kamal Haasan,Period,2000
Bloody Sunday,0,83,Paul Greengrass,English,James Nesbitt,Drama,2002
Anbe Sivam,85,82,Sundar C,Tamil,Kamal Haasan,Drama,2003
Silence of the lambs,76,82,Jonathan Demme,English,Jodie Foster,Thriller,1991
"One, two, three",0,0,Billy Wilder,English,NA,NA,1961
Sleuth,0,0,NA,English,NA,NA,1972
Dil Chahta Hai ,90,90,Farhan Akthar,Hindi,Aamir Khan,Drama,2001
The Namesake,90,89,Mira Nair,English,Kal Penn,Drama,2006
Amores perros,86,86,Alejandro Gonzalez Inarittu,Spanish,Emilio Echevarria,Drama,2001
Titanic,85,86,James Cameron,English,Di Caprio,Drama,1997
Band of Outsiders (Bande A Part),84.5,85.5,Jean-Luc Godard,French,Sami Frey,Crime,1964
Let the right one in,84,87,Tomas Alfredson ,Swedish,Kare Hedebrant ,Horror,2008
Ninotchka,0,84,Ernst Lubitsch,English,Greta Garbo,Drama,1939
Pithamagan,85,83.5,Bala,Tamil,Vikram,Drama,2003
No Country for old men,85,83,Coen Bros,English,Javier Bardem,Thriller,2007
The Fall,79,83,Tarsem Singh,English,Lee Pace,Drama,2008
Good Night and Good Luck,0,83,George Clooney,English,David Strathairn,Drama,2006
A Clockwork Orange,83,82,Stanley Kubrick,English,NA,Crime,1971
Some like it hot,0,82,Billy Wilder,English,Mariyln Monroe,Comedy,1959
The Graduate,0,82,Mike Nichols,English,Dustin Hoffman,Drama,1967
Varumaiyin Niram Sivapu,79,79,Balachandar,Tamil,Kamal Haasan,Drama,1980
Life Boat,0,0,Alfred Hitchcock,English,NA,Thriller,NA
The Great Escape,0,0,NA,English,NA,NA,NA
Toystory 2,85,88,Pixar,English,NA,3D Animation,1999
Dhevar Magan,88,87,Bharathan,Tamil,Kamal Haasan,Drama,1992
Nayagan,88,87,Manirathnam,Tamil,Kamal Haasan,Crime,1987
Amistad,86,87,Steven Spielberg,English,Antony Hopkins,Period,1997
The War of the worlds,88,86,Steven Spielberg,English,Tom Cruise,Sci-fi,2005
Thalapathi,81,86,Manirathnam,Tamil,Rajinikanth,Drama,1991
"You, The Living",86,86,Roy Andersson,Swedish,NA,Drama,2009
Avatar,85,85.5,James Cameron,English,Sam Worthington,Sci-fi,2009
Mr.&Mrs.Iyer,85,85,Aparna Sen,Hindi,Konkana Sen,Drama,2002
State of Union,0,85,Frank Capra,English,Spencer Tracy,Drama,1948
Sindhu Bhairavi,85,84,Balachandar,Tamil,Shivakumar,Drama,1985
Up in the air,84,84,Jason Reitman,English,George Clooney,Drama,2009
Children of Men,83,84,Alfonso Cuarón,English,Clive Owen,Thriller,2006
The Sixth Sense,83,84,Night Shyamalan,English,Bruce Willis,Thriller,1999
"Precious : Based on a novel ""Push"" by Saphirre",0,84,Lee Daniels,English,"Gabourey ""Gabbie"" Sidibe",Drama,2009
V for Vendetta,85,83,Wochaski Bros,English,Hugo Weaving,Action,2005
United 93,80,83,Paul Greengrass,English,NA,Thriller,2006
Bombay,79,83,Manirathnam,Tamil,ArvindhSwamy,Drama,1995
The Terminal,78,83,Steven Spielberg,English,Tom Hanks,Drama,2004
Rain man(1988),0,81.5,Barry Levinson,English,Tom Cruise,Drama,1988
Knowing,80,80,Alex Proyas,English,Nicholas Cage,Sci-fi,2009
Dial M For Murder,0,0,Alfred Hitchcock,English,Ray Miland,Thriller,1954
"Kiss Me, Stupid",0,0,Billy Wilder,English,NA,NA,1964
Lady for a day,0,0,NA,English,NA,NA,1933
"Love, Sex Aur Dhoka",84.5,83.5,Dibakar Banerjee,Hindi,NA,Drama,2010
Earth,89,87,Deepa Mehta,Hindi,Aamir Khan,Period,1998
12 Angry Men,85,87,Sidney Lumet,English,Henry Fonda,Drama,1957
The Color Purple,86,86,Steven Spielberg,English,Whoopi Goldberg,Drama,1985
A Prophet,86.5,85.5,Jacques Audiard,French,Tahir Rahim ,Crime,2009
Emperors New groove,88,85,NA,English,NA,2D Animation,2000
Matrix Revolutions,88,85,Wochaski Bros,English,Keanu Reeves,Action,2003
Coraline,81.5,85,Henry Selick,English,Dakota Fanning,Stop Motion,2009
Phone Booth,86,84,Joel Schumaker,English,Collin Farell,Thriller,2002
There will be blood,0,83.75,Paul Anderson,English,Daniel Day Lewis,Drama,2007
Full Metal Jacket,86,83,Stanley Kubrick,English,NA,War,1987
Virumandi,86,83,Kamal Haasan,Tamil,Kamal Haasan,Drama,2004
The Mist,83,83,Frank Darabont,English,NA,Horror,2007
The Bad Lieutenant : Port of Call :New Orleans,0,83,Werner Herzog,English,Nicolage Cage,Drama,2009
Only Angels have wings,0,81.5,Howard Hawks,English,Cary Grant,Drama,1939
Arangatra Velai,82,80,Fazil,Tamil,Prabhu,Drama,1990
Rambo 2,78,0,NA,English,Sylvester Stallone,Action,1982
Adam's Rib,0,0,NA,English,NA,NA,NA
Australia,0,0,Baz Luhrmann,English,Hugh Grant,Drama,2008
Ugetsu,0,0,Kenji Mizoguchi,Japanese,Machiko Kyo,Thriller,1953
American Beauty,87,87.25,Sam Mendes,English,Kevin Spacey,Drama,1999
Being Cyrus,89,87,Homi Adagania,Hindi,Saif Ali Khan,Crime,2005
Monsters inc,87,87,Pixar,English,NA,3D Animation,2001
Mahanadhi,82,87,Santhana Bharathi,Tamil,Kamal Haasan,Drama,1993
Downfall,85,86,NA,German,NA,War,2004
Pulp Fiction,83,85,Quentin Tarantino,English,John Travolta,Crime,1994
Thre Usual Suspects,85,84.25,Bryan Singer,English,Kevin Spacey,Crime,1994
E.T,82,84,Steven Spielberg,English,NA,Sci-fi,1982
Reservoir Dogs,86,83.5,Quentin Tarantino,English,NA,Crime,1992
Miller's Crossing,83.5,83.5,Coen Bros,English,Gabriel Byrne,Crime,1990
Sin City,83,83.25,Robert Rodriguez,English,Bruce Willis,Horror,2003
Unnal Mudiyum Thambi,84,83,Balachandar,Tamil,Kamal Haasan,Drama,1988
North By Northwest,83.5,83,Alfred Hitchcock,English,Cary Grant,Thriller,1959
Zodiac,81.5,82.5,David Fincher,English,Jake Gyllenhaal,Crime,2007
Insomnia,81,82,Christopher Nolan,English,Al Pacino,Crime,2002
Povae Poochuda Vaa,82,81,Fazil,Tamil,Nadiya,Drama,1985
Aboorva Sagodharargal,80,79,Singitham Srinivasa Rao,Tamil,Kamal Haasan,Comedy,1989
Chandramuki,78,73,P Vasu,Tamil,Rajinikanth,Thriller,2005
Rambo :First Blood,0,0,Sylvester stallone,English,Sylvester Stallone,Action,NA
Sleuth (2007),0,0,NA,English,NA,NA,2007
An affair to remember,0,0,NA,English,NA,NA,NA
Iruvar,90,94.5,Manirathnam,Tamil,Mohanlal,Biopic,1997
Catch Me if you can,89,87,Steven Spielberg,English,Di Caprio,Drama,2002
Rear Window,85,86,Alfred Hitchcock,English,James Stewart,Thriller,1954
The Shop around the corner,0,85.5,Ernst Lubitsch,English,James Stewart,Romance,1940
Revolutionary Road,87,85,Sam Mendes,English,Di Caprio,Drama,2008
Kung Fu Panda,85,85,Dreamworks Anim,English,Jack Black,3D Animation,2008
Roja,79,84.5,Manirathnam,Tamil,ArvindhSwamy,Drama,1992
To Each His Own Cinema,86,84,NA,French/English,NA,Anthology,2007
Dil Se,85,84,Manirathnam,Hindi,Shahrukh Khan,Drama,1998
Swades,83,84,Ashuthosh Gowarikar,Hindi,Shahrukh Khan,Drama,2004
Dog Day Afternoon,0,83.5,Sidney Lumet,English,Al Pacino,Crime,1975
Kadhalukku Mariyadhai,88,83,Fazil,Tamil,Vijay,Romance,1997
Micheal Madhana Kamarajan,83,83,Singitham Srinivasa Rao,Tamil,Kamal Haasan,Comedy,1991
Capote,0,83,Bennett Miller,English,Philip Seymour Hoffman,Drama,2005
Fight Club,82.5,82.75,David Fincher,English,Brad Pitt,Drama,1999
The Big sleep,0,82.75,Howard Hawks,English,Humphrey Bogart,Crime,1946
Platoon,84.5,82,Oliver Stone,English,Charlie Sheen,War,1986
The Departed,84,82,Martin Scorcese,English,Di Caprio,Crime,2006
Gran Torino,82,82,Clint Eastwood,English,Clint Eastwood,Drama,2008
Lagaan,81,82,Ashuthosh Gowarikar,Hindi,Aamir Khan,Drama,2006
Madagascar,83,81,Dreamworks Anim,English,NA,3D Animation,2005
The Bourne Identity,82,80,Doug Liman,English,Matt Damon,Action,2002
Enter the Dragon,80,80,Robert Clouse,English,Bruce Lee,Action,1973
Autograph,78,80,Cheran,Tamil,Cheran,Drama,2004
Away we go,0,80,Sam Mendes,English,John Krasinski,Romance,2009
Mithya,0,80,Rajat Kapoor,Hindi,NA,Crime,2008
The Perfect Storm,80.5,75,Wolfgang Peterson,English,George Clooney,Adventure,2000
A Few Good Man,0,0,NA,English,NA,NA,NA
Ball of Fire,0,0,NA,English,NA,NA,NA
Liar Liar,0,0,NA,English,Jim Carrey,Comedy,1997
Rambo 3,0,0,NA,English,Sylvester Stallone,Action,1988
Smiles of the summer night,0,0,Ingmer Bergman,Swedish,Harriet Andersson,Comedy,1955
True Lies,0,0,James Cameron,English,Arnold,Action,NA
Matrix Reloaded,88,86,Wochaski Bros,English,Keanu Reeves,Action,2003
Fantastic Mr.Fox,0,86,Wes Anderson,English,George Clooney,Stop Motion,2009
Ice Age ,84,84,Blue Sky Studios,English,NA,3D Animation,2002
Lakhsya,83,84,Farhan Akthar,Hindi,Hrithik Roshan,War,2004
The Manchurian Candidate,0,84,John Frankenheimer,English,Frank Sinatra,Drama,1962
The Curious Case of Benjamin Button,86,83.5,David Fincher,English,Brad Pitt,Drama,2008
Moon,82,83.5,Duncan Jones,English,Sam Rockwell,Sci-fi,2009
The Diving Bell and the Butterfly,0,83.5,Julian schnabel,French,Mathieu Amalric,Drama,2007
Vertigo,83,83,Alfred Hitchcock,English,James Stewart,Thriller,1958
The Hurt Locker,82.5,83,Kathryn Bigelow,English,Jeremy Renner,War,2009
Panchatantiram,82,82,K S Ravikumar,Tamil,Kamal Haasan,Comedy,2002
Terminator 3:Rise of the Machines,79,82,NA,English,Arnold,Sci-fi,2003
Gladiator,83,81.5,Ridley Scott,English,Russell Crowe,Action,2000
Sherlock Holmes,0,81.5,Guy Ritchie,English,Robert Downey Jr,Crime,2009
Bend it like Beckham,82,80,Gurinder Chada,English,Parminder Nagra,Comedy,2002
Blood Diamond,81,79,Edward Zwick,English,Di Caprio,Action,2006
Signs,81,78,Night Shyamalan,English,Mel Gibson,Thriller,2002
China Syndrome,0,0,James Bridges,English,Jack Lemmon,Drama,1979
Gambit,0,0,NA,English,NA,NA,NA
The Fortune Cookie,0,0,Billy Wilder,English,NA,NA,1966
The Ipcress File,0,0,NA,English,NA,NA,NA
The Wicker Man,0,0,NA,English,NA,NA,NA
The first great train robbery,0,0,NA,English,NA,NA,NA
Monkey Business,0,0,NA,English,NA,NA,NA
Bharamaram,0,0,NA,Malayalam,Mohanlal,Drama,2009
The Empire of the Sun,86,87,Steven Spielberg,English,Christian Dale,War,1987
It's a Gift,85.5,87,Norman Z. McLeod,English,W.C.Fields,Comedy,1934
Wallace and grommit:The curse of the were rabbit,85,86,Aardman Studios,English,NA,Stop Motion,2005
Happy Feet,84,86,Animal Logic,English,NA,3D Animation,2006
Road to the Perdition,85,85,Sam Mendes,English,Tom Hanks,Crime,2002
"Spring, Summer, Fall, Winter... and Spring",84,85,Ki Duk Kim,Korean,Kim Ki-Duk,Drama,2003
Strangers on the train,0,84.25,Alfred Hitchcock,English,Robert Walker,Thriller,1951
Into the wild,86,84,Sean Penn,English,Emile Hirsch,Drama,2007
Anjali,80,84,Manirathnam,Tamil,Raghuvaran,Drama,1990
The Bridge on the River Kwai,0,84,David Lean,English,Alec Guiness,War,1957
The Conversation,89,85,Francis Ford Coppola,English,Gene Hackman,Thriller,1974
His Girl Friday,85,83.5,Howard Hawks,English,Cary Grant,Comedy,1940
Requiem for a dream,0,83.5,Darren Aronofsky,English,Jennifer Connelly,Drama,2000
Paranormal Activity,83,83,Oren Peli,English,Katie Featherston,Thriller,2009
High Noon,0,83,Fred Zinnemann,English,Gary Cooper,Western,1952
Sunset Boulevard,0,82.75,Billy Wilder,English,William Holden,Drama,1950
Cassandra's Dream,82,82.5,Woody Allen,English,Collin Farell,Thriller,2008
Flags of our fathers,0,82.5,Clint Eastwood,English,Ryan Phillipe,War,2006
Kill Bill - Volume 1,83.5,82,Quentin Tarantino,English,Uma Thurman,Crime,2003
The Dark Knight,83,82,Christopher Nolan,English,Christian Bale,Crime,2008
Public Enemies,81.5,82,Micheal Mann,English,Johhny Depp,Crime,2009
Thillu Mullu,78,82,Balachandar,Tamil,Rajinikanth,Comedy,1981
Burn After Reading,82,81,Coen Bros,English,George Clooney,Comedy,2008
Iron Man,80,82,Jon Favreau,English,Robert Downey Jr,Action,2008
Road to Eldorado,82,80.5,NA,English,NA,2D Animation,2000
The Hangover,80,79,Todd Phillips,English,Bradley Cooper,Comedy,2009
Gentleman,80,76,Shankar,Tamil,Arjun,Drama,1993
Chicken Little,78,76,NA,English,NA,3D Animation,2005
Aval Oru Thodar Kadhai,77,75,Balachandar,Tamil,Sujatha,Drama,1977
Amityville Horror,0,70,Andrew Douglas,English,Ryan Reynolds,Horror,2005
A Wednesday,0,0,NA,Hindi,Nasurdeen Shah,Drama,NA
Fourth Protocol,0,0,NA,English,NA,NA,1989
Front Page,0,0,Billy Wilder,English,NA,NA,1974
Funeral in Berlin,0,0,NA,English,NA,NA,NA
Notting Hill,0,0,Roger Michell,English,Hugh Grant,Romance,1999
Rambo 4,0,0,NA,English,Sylvester Stallone,Action,1988
Kerala Café,0,0,NA,Malayalam,NA,NA,NA
Ronin,0,0,NA,English,NA,NA,NA
Shrek,83,85,Dreamworks Anim,English,NA,3D Animation,2001
Jaws,81,84,Steven Spielberg,English,Richard Dreyfuss,Thriller,1975
Bolt,0,84,"Byron Howard,Chris Williams",English,John Travolta,3D Animation,2008
Cloudy with a chance of meatballs,82,83.5,Chris Miller ,English,Bill Hader,3D Animation,2009
Moodram Pirai,82,83,Balumahendra,Tamil,Kamal Haasan,Drama,1983
Kannathil Muthamital,85,82,Manirathnam,Tamil,Madhavan,Drama,2002
Sleepy Hollow,81,82,Tim Burton,English,Johhny Depp,Horror,1999
Monsters Vs. Aliens,78.5,82,Conrad Vernon,English,NA,3D Animation,2009
A Beautiful Mind,82,81,Ron Howard,English,Russell Crowe,Drama,2001
Boys,82,81,Shankar,Tamil,Siddarth,Drama,2003
Ishqiya,82,81,Abhishek Chaubey,Hindi,Nasurdeen Shah,Drama,2010
Chicken Run,80,81,NA,English,NA,Stop Motion,2000
Surf's Up,82,80.5,Chris Buck,English,NA,3D Animation,2007
Mouna raagam,77,78,Manirathnam,Tamil,Mohan,Drama,1986
Jodhaa Akbar,0,78,Ashuthosh Gowarikar,Hindi,Hrithik Roshan,Drama,2008
Valkyrie,0,78,Bryan Singer,English,Tom Cruise,Thriller,2008
Die Hard 2 - Die Harder,0,77,Renny Harlin,English,Bruce Willis,Action,1990
Vettayadu Vilayadu,74,75,Goutham,Tamil,Kamal Haasan,Crime,2006
Hitch,0,72,NA,English,Will Smith,Comedy,2005
Meet John Doe,0,0,Frank Capra,English,NA,NA,NA
Seven Year Itch,0,0,Billy Wilder,English,NA,NA,1955
Conan The Barbarian,0,0,NA,English,NA,NA,NA
Monster House,85,85,NA,English,NA,3D Animation,2006
Duel,80,85,Steven Spielberg,English,NA,Thriller,1971
Batman Begins,84,83,Christopher Nolan,English,Christian Bale,Action,2005
American Gangster,82.5,82.75,Ridley Scott,English,Denzel Washington,Crime,2007
Pi,0,82.5,Darren Aronofsky,English,Sean Gullette ,Drama,1998
Babel,81,82,Alejandro Gonzalez Inarittu,English,Brad Pitt,Drama,2006
Povizhi Vasalilae,81,82,Fazil,Tamil,Satyaraj,Thriller,1987
Volcano,79,82,Mick Jackson,English,Tommy Lee Jones,Action,1997
Charade,83,81.75,Stanley Donen,English,Cary Grant,Thriller,1963
Jaane Tu Ya Jaane Na,0,80.75,Abbas Tyrewala,English,Imraan Khan,Drama,2008
The Truman Show,0,80.75,Peter Weir,English,Jim Carrey,Drama,1998
Harry Potter and the Chamber of Secrets,80,80.5,Chris Columbus,English,Daniel Radcliffe,Fantasy,2002
Corpse Bride,82,80,Tim Burton,English,NA,Stop Motion,2005
Unnai Pol Oruvan,80,80,Chakra Toleti,Tamil,Kamal Haasan,Crime,2009
Lagae Raho Munna Bhai,79,79,Rajkumar Santoshi,Hindi,Sanjay Dutt,Comedy,2006
Kadhal Kondaen,80,78,Selvaragavan,Tamil,Dhanush,Drama,2003
Anniyan,75,78,Shankar,Tamil,Vikram,Drama,2005
Pudhu Pudhu Arthagal,80,77,Balachandar,Tamil,Rahman,Drama,1989
Alaypayuthey,75,77,Manirathnam,Tamil,Madhavan,Romance,2000
Keladi Kanmani,75,77,Vasanth,Tamil,S P balasubramanian,Drama,1990
Transformers,79.5,76.5,Micheal Bay,English,Shia Beoluf,Action,2007
Village,80,76,Night Shyamalan,English,Jacquelin Phoenix,Thriller,2004
Kaka Kaka,75,76,Goutham,Tamil,Surya,Crime,2003
Independence Day,77,75,Roland Emmerich,English,Will Smith,Sci-fi,1996
Bruce Almighty,75,75,NA,English,Jim Carrey,Comedy,2003
Kadhanayagan,77,73,NA,Tamil,Pandiyarajan,Comedy,NA
Padayappa,79,71,K S Ravikumar,Tamil,Rajinikanth,Drama,1999
Vaali,65,65,S J Suryah,Tamil,Ajith,Romance,1999
Chinna thambi,55,60,P Vasu,Tamil,Prabhu,Drama,1991
Kaadaalan,65,50,Shankar,Tamil,Prabhu Deva,Romance,1994
The Hunt of the Red october,0,0,NA,English,NA,NA,NA
3 Idiots,82,0,Rajkumar Hirani,Hindi,Aamir Khan,Comedy,2009
That touch of mink,0,0,NA,English,NA,NA,NA
American Pie,0,0,NA,English,NA,NA,NA
Total Recall,0,0,NA,English,NA,NA,NA
Shanghai Noon,0,0,NA,English,NA,NA,NA
Shrek 2,84,84,Dreamworks Anim,English,NA,3D Animation,2004
The Awful Truth,85.5,83,Leo McCarey,English,Cary Grant,Comedy,1937
Guru,78,82.5,Manirathnam,Hindi,Abhishek Bachan,Period,2007
King Kong (2005),81,81.5,Peter Jackson,English,Adrian Broody,Adventure,2005
Avatharam,79,81,Nasser,Tamil,Nasser,Drama,1995
Rang De Basanthi,80,80,Rakeysh Omprakash Mehra,Hindi,Aamir Khan,Drama,2006
Dinosaur,77,80,Dreamworks Anim,English,NA,3D Animation,2000
Azhagan,76,80,Balachandar,Tamil,Mamooty,Drama,1991
Harry potter and the Sorcerer's Stone,79,79,Chris Columbus,English,Daniel Radcliffe,Fantasy,2001
Open Season,78,79,Sony Animations,English,NA,3D Animation,2006
Spider Man - II,77,79,Sam Raimi,English,Toby Maguire,Action,2004
Home Alone 2,70,76,NA,English,NA,Comedy,1992
Jeans,78,75,Shankar,Tamil,Prasanth,Drama,1998
Enemy of the state,0,74,Tony Scott,English,Will Smith,Action,1998
There's Something about Mary,70,71,NA,English,Cameroon Diaz,Comedy,1998
Predator,0,0,NA,English,Arnold,Action,1987
The Pursuit of Happiness,0,0,NA,English,Will Smith,Drama,2006
Shanghai Kinghts,0,0,NA,English,NA,NA,NA
The Bourne Ultimatum,0,84,Paul Greengrass,English,Matt Damon,Action,2007
Eyes Wide Shut,0,83,Stanley Kubrick,English,Tom Cruise,Thriller,1999
Notorius,0,83,Alfred Hitchcock,English,Cary Grant,Thriller,1946
Ice Age 2: The Meltdown,84,82,Blue Sky Studios,English,NA,3D Animation,2006
Raising Arizona,80.5,81.5,Coen Bros,English,Nicolage Cage,Comedy,1987
Hanuman,82,80,NA,Hindi,NA,2D Animation,2005
Vaname Ellai,82,80,Balachandar,Tamil,NA,Drama,1992
300-,81,80,Zack Snider,English,Gerald Butler,War,2006
Apoorva Ragangal,80,80,Balachandar,Tamil,Kamal Haasan,Drama,1975
Flushed Away,80,80,NA,English,NA,3D Animation,2006
Robots,80,80,Blue Sky Studios,English,NA,3D Animation,2005
Tarzan,78,80,2D Animation,English,NA,2D Animation,1999
Azhagi,76,80,Thankar Bachan,Tamil,Nandita Das,Drama,2002
Salangai Oli,83,79,K Viswanath,Tamil,Kamal Haasan,Drama,1983
Avvai Shamugi,79,79,K S Ravikumar,Tamil,Kamal Haasan,Comedy,1996
Harry Potter and the Goblet of Fire,70,79,Mike Newell,English,Daniel Radcliffe,Fantasy,2005
Pirates of the Carribean - Dead mans Chest,79,77,Gore Verbinski,English,Johhny Depp,Adventure,2006
Thiruvilayadal,76,77,A P Nagarajan,Tamil,Sivaji Ganesan,Period,1965
Die Hard 3 - Die Hrad with vengeance,0,77,John McTiernan,English,Bruce Willis,Action,1995
Alavandhan,82,76,Suresh Krissna,Tamil,Kamal Haasan,Action,2001
Home Alone 3,77,76,NA,English,NA,Comedy,1997
Kaadhalikka Neramillai,75,76,S P MuthuRaman,Tamil,Nagesh,Comedy,1964
Punnagai Mannan,75,75,Balachandar,Tamil,Kamal Haasan,Romance,1986
Singaravelan,75,75,R V Udhaya Kumar,Tamil,Kamal Haasan,Comedy,1992
Terminator Salvation,72,75,Kabir Khan,English,John Abraham,Drama,2009
Chinna Koundar,55,67,R V Udhaya Kumar,Tamil,VijayKanth,Drama,1991
Dream Wife,0,0,NA,English,NA,NA,NA
Holiday,0,0,NA,English,Kate Winslet,NA,NA
The Da vinci Code,0,0,Ron Howard,English,Tom Hanks,Thriller,2006
Transformers - Revenge of the Fallen,0,0,Micheal Bay,English,Shia Beoluf,Action,2009
Commando,0,0,NA,English,NA,NA,NA
21 Grams,85,84,Alejandro Gonzalez Inarittu,English,Sean Penn,Drama,2003
Juno,82,83,Jason Reitman,English,Ellen Page,Comedy,2007
The Shining,81,82,Stanley Kubrick,English,Jack Nicholson,Horror,1980
Ab Tak Chapan,77,82,Shimit Amin,Hindi,Nana Padekar,Crime,2004
Aayirathil Oruvan,81,81.5,Selvaragavan,Tamil,Karthi,Adventure,2010
Aydha Ezhuthu,78,81,Manirathnam,Tamil,Surya,Drama,2004
To Have it or have not,0,80,Howard Hawks,English,Humphrey Bogart,Drama,1944
Harry Potter and order of the Phoenix,78,79,David Yates,English,Daniel Radcliffe,Fantasy,2007
MIB 2,80,78,NA,English,NA,Sci-fi,2002
Nala Damayanthi,80,78,Mouly,Tamil,Madhavan,Comedy,2003
7G rainbow Colony,76,78,Selvaragavan,Tamil,NA,Drama,2004
Aaha,76,78,Suresh Krissna,Tamil,NA,Drama,1997
Shivaji,75,78,Shankar,Tamil,Rajinikanth,Action,2007
Broken Arrow,0,78,John Woo,English,John Travolta,Action,1996
Guna,77,76,Santhana Bharathi,Tamil,Kamal Haasan,Drama,1992
Karnan,77,76,NA,Tamil,Sivaji Ganesan,Period,1963
44 Minutes,78,75,NA,English,NA,Crime,2003
Yaavarum Nalam,71,75,NA,Tamil,Madhavan,Thriller,2009
Antha Ezhu Natkal,75,74,BagyaRaj,Tamil,Bagyaraj,Drama,1981
Saami,75,73,Hari,Tamil,Vikram,Drama,2003
Vedham Puthitu,74,73,Bharathi Raja,Tamil,Satyaraj,Drama,1987
Pandavas,57,55,Pentamedia,English,NA,3D Animation,2000
Sindbad,50,50,Pentamedia,English,NA,3D Animation,NA
Arya 2,0,0,NA,Telugu,NA,Drama,2009
Chennai 600028,0,0,NA,Tamil,NA,Drama,2007
I was a male war bride ,0,0,Howard Hawks,English,Cary Grant,Comedy,1983
Man who knew too much,0,0,NA,English,NA,NA,NA
Quantum of the Solace,0,0,NA,English,Daniel Criag,Action,2008
Taking of pelham one two three,0,0,NA,English,NA,NA,NA
Eraser,0,0,NA,English,NA,NA,NA
Harry potter and the Prisoner of Azkaban,78,81,Alfonso Cuaron,English,Daniel Radcliffe,Fantasy,2004
Yuva,79,80,Manirathnam,Hindi,Ajay Devgan,Drama,2004
Mummy I,76,78,NA,English,Brendon Fraser,Adventure,1999
Nandha,80,77,Bala,Tamil,Surya,Drama,2001
Spider Man,80,77,Sam Raimi,English,Toby Maguire,Action,2002
Run,76,77,Lingu Samy,Tamil,Madhavan,Romance,2002
Home Alone,75,76,NA,English,NA,Comedy,1990
Dum Dum Dum,79,75,Azhagam Perumal,Tamil,Madhavan,Romance,2001
Baby's Day Out,76,75,Patrick Read Johnson,English,NA,Comedy,1994
Mangal Pandey-The Rising,70,74,Kethan Metha,Hindi,Aamir Khan,Period,2005
Anger Management,72,72,Peter Segal,English,Adam Sandler,Comedy,2003
Karagatta Kaaran,60,68,Gangai Amaran,Tamil,Ramarajan,Drama,1989
Pudhiya Geethai,66,50,NA,Tamil,Vijay,Drama,2003
Hulk,0,0,Ang Lee,English,Eric Bana,Action,NA
Life in a Metro,0,0,NA,Hindi,NA,NA,NA
The Rock,0,0,Micheal Bay,English,NA,NA,NA
The Terminator,83,83,James Cameron,English,Arnold,Sci-fi,1984
Little Miss Sunshine,0,82,Jonathan Dayton,English,Toni Collette,Drama,2006
Pammal K Sambandham,78,78,Mouly,Tamil,Kamal Haasan,Comedy,2002
Superman Returns,76,77,Bryan Singer,English,Brandon Ruth,Adventure,2006
Pirates of the Carribean, Curse of the Black Pearl,0,77,Gore Verbinski,English,Johhny Depp,Adventure,2003
Thenali,79,75,K S Ravikumar,Tamil,Kamal Haasan,Comedy,2000
Vasool Raja MBBS,79,75,Saran,Tamil,Kamal Haasan,Comedy,2004
Pudhiya Paathai,78,75,Paarthiban,Tamil,Paarthiban,Drama,1999
Behind Enemy Lines,0,74,John Moore,English,Owen Wilson,War,2001
Thulluvatho Ilamai,0,74,Selvaragavan,Tamil,Dhanush,Drama,NA
League of Extraordinary Gentlemen,76,71,NA,English,Sean Connery,Adventure,2003
Me myself and irene,65,40,NA,English,Jim Carrey,Comedy,2000
Honeymoon travels pvt ltd,0,0,NA,Hindi,NA,Comedy,2007
What Women Wants,0,0,NA,English,Mel Gibson,Comedy,2000
Rush Hour,0,0,NA,English,NA,NA,NA
Brokeback Mountain,75,82,Ang Lee,English,Heath Ledger,Drama,2005
15 Park Avenue,78,80,Aparna Sen,Hindi,Konkana Sen,Drama,2005
The Italian Job,80,76,NA,English,Mark Wahlberg,Drama,2003
Sippikul Muthu,82,75,K Viswanath,Tamil,Kamal Haasan,Drama,1985
Speed,75,75,NA,English,Keanu Reeves,Action,1994
I Robot,74,74,NA,English,Will Smith,Sci-fi,2004
Spider Man III,73,73.5,Sam Raimi,English,Toby Maguire,Action,2007
Kadhal kotai,50,60,Ahathiyan,Tamil,Ajith,Drama,1996
Omen,77,0,NA,English,NA,Horror,1976
3:10 To Yuma,0,0,NA,English,Russell Crowe,Drama,NA
Avvaiyaar,0,0,NA,Tamil,Sundarambal,Period,1953
Dressed to Kill,0,0,NA,English,NA,NA,NA
Mercury Rising,0,0,NA,NA,NA,NA,NA
Torn Curtain,0,0,NA,English,NA,NA,NA
Rush Hour 2,0,0,NA,English,NA,NA,NA
Vinnaithaandi Varuvaya,0,0,Goutham,Tamil,Silambarasan,Romance,2010
Kadhaal,80,82.5,Balaji Sakthivel,Tamil,Bharath,Drama,2004
Veyyil,0,80.25,Vasantha balan,Tamil,Bharath,Drama,2006
Mogha Mul,80,78,Gnana rajasekaran,Tamil,Abhishek,Drama,1994
Sethu,75,78,Bala,Tamil,Vikram,Drama,1999
Armegeddon,79,76,Micheal Bay,English,Bruce Willis,Adventure,1998
Ashoka,79,76,Santosh Sivan,Hindi,Shahrukh Khan,Period,2001
Kandukondane Kandukondane,74,75,Rajiv Menon,Tamil,Ajith,Drama,2000
2012-,70,74,Roland Emmerich,English,John Cussack,Adventure,2009
Bharathi,79,73,Gnana rajasekaran,Tamil,Shayaji Shinte,Biopic,2000
Dil,65,73,Dharani,Tamil,Vikram,Drama,2001
Sathileelavathy,71,70,Balumahendra,Tamil,Kamal Haasan,Comedy,1995
Mummy Returns,76,0,NA,English,Brendon Fraser,Adventure,2001
16 Vayathinilae,75,76,Bharathi Raja,Tamil,Kamal Haasan,Drama,1977
Death of a President,0,76,NA,English,NA,Drama,2006
Minsara Kanavu,75,73,Rajiv Menon,Tamil,ArvindhSwamy,Drama,1997
Vaaranam Ayiram,0,72,Goutham,Tamil,Surya,Drama,2008
Agni Natchatram,76,70,Manirathnam,Tamil,Prabhu,Drama,1988
Pudhiya Mugam,74,70,Suresh Menon,Tamil,Suresh Menon,Thriller,1993
Duet,70,70,Balachandar,Tamil,Prabhu,Drama,1994
Poovallam Ketupaar,67,70,Vasanth,Tamil,Surya,Comedy,1999
Muthu,52,55,K S Ravikumar,Tamil,Rajinikanth,Drama,1995
May Maadham,63,54,NA,Tamil,Vineeth,Drama,1994
Incredible Hulk,0,0,NA,English,Edward Norton,Action,NA
Journey into Fear,0,0,NA,English,NA,NA,NA
Next,0,0,Lee Tamahori,English,Nicholas Cage,Action,2007
The History of Boys,0,0,NA,English,NA,NA,NA
The Towering inferno,0,0,NA,English,NA,NA,NA
Thiru thiru thuru thuru,0,0,NA,English,Eddie Murphy,Comedy,NA
Hum Dil De Chukae Sanam,0,75,Sanjay Leela Bhansali,Hindi,Salman Khan,Romance,1999
Baba,75,69,Suresh Krissna,Tamil,Rajinikanth,Drama,2002
Dhool,67,70,Dharani,Tamil,Vikram,Drama,2003
Parthale Paravasam,76,69,Balachandar,Tamil,Madhavan,Drama,2001
Aranmanai Kili,40,50,RajKiran,Tamil,RajKiran,Drama,1993
Mission Kashmir,66,74,Vidhu Vinod Chopra,Hindi,Hrithik Roshan,Drama,2000
The Big Boss,0,73,NA,English,Bruce Lee,Action,1971
Alien Vs Predator,0,63,Paul W.S. Anderson,English,Sanaa Lathan,Action,2004
Anaconda,62,60,Luis Llosa,English,Jennifer Lopez,Adventure,1997
Pudhu Vasandham,39,36,Vikraman,Tamil,Murali,Drama,NA
Ramana,68,70,A R Murugadoss,Tamil,VijayKanth,Drama,2002
Little John,0,35,Singitham Srinivasa Rao,Tamil,NA,Drama,2002
Vikram,35,30,Rajasekar,Tamil,Kamal Haasan,Drama,1986
101 Dalminations,0,0,NA,English,NA,Drama,1996
Pachaikili Muthucharam,0,73,Goutham,Tamil,Sarath kumar,Thriller,2007
Raman Abdullah,71,55,Balumahendra,Tamil,NA,Comedy,1997
Kalaingan,60,35,A.B.Vijay,Tamil,Kamal Haasan,Thriller,1993
Yejaman,40,30,R V Udhaya Kumar,Tamil,Rajinikanth,Drama,1993
Baasha,81,77,Suresh Krissna,Tamil,Rajinikanth,Drama,1995
Annamalai,60,65,Suresh Krissna,Tamil,Rajinikanth,Drama,1992
Dasavathaaram,62,58,K S Ravikumar,English,Kamal Haasan,Action,2008
Kannukul Nilavu,70,55,Fazil,Tamil,Vijay,Drama,2000
Geetanjali,0,55,Manirathnam,Telugu,Nagarjun,Romance,1993
Siva Mansula Sakthi,0,0,NA,Tamil,Jeeva,Romance,2009
Thiruda Thiruda,60,65,Manirathnam,Tamil,Prasanth,Drama,1993
Resident Evil 2,65,35,NA,English,NA,Horror,2004
Dhaam Dhoom,0,0,Jeeva,English,Ravi,Drama,2008
Villian,0,28,K S Ravikumar,Tamil,Ajith,Drama,2003
Pathar Panchali,93.5,94,Sathyajit Ray,Bengali,NA,Drama,1955
The Godfather 2,90,94,Francis Ford Coppola,English,Al Pacino,Crime,1974
Aparajitho,94,92,Sathyajit Ray,Bengali,NA,Drama,1956
Charulata,95,91,Sathyajit Ray,Bengali,NA,Drama,1964
The Godfather 3,89,90,Francis Ford Coppola,English,Al Pacino,Crime,1990
Baran,86.5,89,Majid Majidi,Persian,Hossein Abedini,Romance,2001
Apu Sansar,93,90,Sathyajit Ray,Bengali,NA,Drama,1959
"4 Months,3 weeks and 2 days(4 luni 3 saptamani si 2 zile)",89.5,88,Cristian Mungiu,Romanian,Anamaria Marinca,Drama,2007
On the waterfront,86,88,Elia Kazan,English,Marlon Brando,Drama,1954
Yojimbo,90.5,88,Akira Kurasawa,Japanese,NA,Action,1961
Salaam Bombay,89,87,Mira Nair,Hindi,NA,Drama,1988
Persepolis,88,87,Marjane Satrapi,French,Chiarra Mastroianni,2D Animation,2007
8 1/2,86.5,87,Federico Fellini,Italian,Marcello Mastroianni,Drama,1963
The Aviator,84,87,Martin Scorcese,English,Di Caprio,Drama,2004
Toystory,82,87,Pixar,English,NA,3D Animation,1995
Umberto D,84,87,Vittorio De Sica,Italian,Carlo Battisti,Drama,1952
Ikiru,0,87,Akira Kurasawa,Japanese,NA,Drama,1952
Children of Heaven,89.5,86.5,Majid Majidi,Persian,Amir Farrokh Hashemian,Drama,1997
2001 : A Space Odyssey,85.5,86.5,Stanley Kubrick,English,William Sylvester,Sci-fi,1968
Pinochhio,86.5,86,Walt Disney,English,NA,2D Animation,1940
Somers Town,86,86,Shane Meadows,English,Thomas Turgoose,Drama,2009
Breathless,87.5,86,Jean-Luc Godard,French,Jean-Paul Belmondo,Drama,1959
The Sweet Smell of Succes,0,86,Alexander Mackendrick,English,Burt Lancaster,Crime,1957
"The Good, The Bad and The Ugly",88.5,86,Sergio Leone,English,Clint Eastwood,Western,1966
Psycho,86.5,85.5,Alfred Hitchcock,English,Antony Perkins,Crime,1960
The Birds,83,85.5,Alfred Hitchcock,English,Rod Taylor,Horror,1963
You Cant Take with you,87,85.5,Frank Capra,English,James Stewart,Drama,1938
Ponyo,86,85.5,Hayao Miyazaki,English,Matt Damon,2D Animation,2009
"Dekalog, One",0,85.5,Krzysztof Kieslowski,Polish,NA,Drama,1989
"Dekalog, Seven",0,85.5,Krzysztof Kieslowski,Polish,NA,Drama,1989
Snow White and the Seven Dwarfs,87,85,Walt Disney,English,NA,2D Animation,1937
Beowulf,86,85,Robert Zemeckis,English,Ray Winstone,3D Animation,2007
Sherlock Jr.,85,85,Buster Keaton,English,Buster Keaton,Comedy,1924
Fantasia,83,85,Walt Disney,English,NA,2D Animation,1940
This is England,82.5,85,Shane Meadows,English,Thomas Turgoose,Drama,2006
A Man with a movie camera,0,85,Dziga Vertov,Silent,NA,Drama,1929
All Quiet on the Western Front,92.5,85,Lewis Milestone,English,Lew Ayres,War,1930
All The King's Men,0,85,Robert Rossen,English,Broderick Crawford,Drama,1949
Battelship Potemkin,0,85,Sergei Einsentein,Silent,Alexander Antonov,Drama,1925
Casablanca,0,85,Micheal Curtiz,English,Humphrey Bogart,Drama,1943
Casino,0,85,Martin Scorcese,English,Robert DeNiro,Crime,1995
Day for Night,89,85,Francois Truffaut,French,Jacqueline Bisset,Drama,1973
Gone with the wind,0,85,Victor Fleming,English,Clark Gable,Drama,1939
Mon Oncle d'Amerique ,0,85,NA,French,NA,Drama,1980
White Heat,0,85,Raoul Walsh,English,James Cagney,Crime,1949
The Secret of Kells,84,85,Tomm Moore,English,Brendan Gleeson,2D Animation,2009
"Dekalog, Five",0,85,Krzysztof Kieslowski,Polish,NA,Drama,1989
Talk to her,89.5,84.5,Pedro Almodovar,Spanish,Javier Camara,Drama,2002
Meet the robinsons,85.5,84.5,Stephen Anderson,English,NA,3D Animation,2007
Wings,84,84.5,William Wellman,English,Clara Bow,War,1927
Marty,0,84.5,Delbert Mann,English,Ernest Borgnine,Drama,1955
Persona,88,84.5,Ingmer Bergman,Swedish,Liv Ullmann,Drama,1966
Scarface,88,85,Brian De Palma,English,Al Pacino,Crime,1983
Wings of Desire,0,84.5,Wim Wenders,German,Bruno Ganz,Drama,1986
Gomorra,86,84.25,Matteo Garrone,Italian,Salvatore Abruzzese,Crime,2008
How Green was My Valley,0,84.25,John Ford,English,Walter Pidgeon,Drama,1941
3 Iron,87,84,Ki Duk Kim,Korean,Seung-yeon Lee,Drama,2005
Leben der Anderen, Das The Lives of Others,87,84,Florian Henckel von Donnersmarck,German,Ulrech Muhe,Drama,2006
A Serious Man,86,84,Coen Bros,English,Michael Stuhlbarg,Drama,2009
A Band's Visit,85.5,84,Eran Kolirin,Arabic,Sasson Gabbai,Drama,2007
Rachel Getting Married,84.5,84,Jonathan Demme,English,Anne Hathaway,Drama,2008
Kandahar,84,84,Mohsen Makhmalbaf ,Persian,Niloufar Pazira,Drama,2001
Omkara,83.5,85,Vishal Bharadwaj,Hindi,Ajay Devgan,Crime,2006
Close Encounters of the third Kind,83,84,Steven Spielberg,English,Richard Dreyfuss,Sci-fi,1977
Bringing up baby,82,84,Howard Hawks,English,Cary Grant,Comedy,1938
Bee Movie,81,84,Dreamworks Anim,English,Jerry Seinfeld,3D Animation,2007
A Streetcar Named Desire,0,84,Elia Kazan,English,Marlon Brando,Drama,1951
Caramel,86,84,Nadine Labaki,Arabic,Nadine Labaki,Romance,2008
Double Indemnity,0,84,Billy Wilder,English,Fred MacMurray,Crime,1944
"Farewell, My concubine",0,84,Chen Kaige,Mandarin,Leslie Chung,Drama,1993
Grand Illusion,0,84,Jean Renoir,French,Jean Gabin,Drama,1937
Howl's Moving Castle,83,84,Hayao Miyazaki,English,Christian Bale,2D Animation,2005
It Happened one night,85,84,Frank Capra,English,Clark Gable,Drama,1934
Mean Streets,86,84,Martin Scorcese,English,Robert DeNiro,Crime,1973
Sunrise,0,84,F.W. Murnau,English,George O'Brien,Drama,1927
The Great Dictator,0,84,Charlie Chaplin,English,Charlie Chaplin,Comedy,1940
The Invasion of the Body snatchers,0,84,Don Siegel,English,Kevin McCarthey,Thriller,1956
The Singing Detective - Episode I - Skin,0,84,Jon Amiel,English,Michael Gambon,Drama,1986
The Singing Detective - Episode II - Heat,0,84,Jon Amiel,English,Michael Gambon,Drama,1986
The Singing Detective, Episode III, The Lovely days,0,84,Jon Amiel,English,Michael Gambon,Drama,1986
The Singing Detective - Episode IV - Clues,0,84,Jon Amiel,English,Michael Gambon,Drama,1986
The White Ribbon,86,84,Michael Haneke,German, Christian Friedel,Drama,2009
Ulysses' Gaze ,0,84,Theo Angelopoulos,English,Harvey Keitel,Drama,1995
Where is my friend's home?,0,84,Abbas Kiarostami,Persian,Ahmad Ahmadpour,Drama,1987
9-,0,84,Shane Acker,English,Elijah Wood,3D Animation,2009
Singin' in the rain,0,84,Stanley Donen,English,Gene Kelly,Musical,1952
"Dekalog, Two",0,84,Krzysztof Kieslowski,Polish,NA,Drama,1989
"Dekalog, Three",0,84,Krzysztof Kieslowski,Polish,NA,Drama,1989
"Dekalog, Four",0,84,Krzysztof Kieslowski,Polish,NA,Drama,1989
"Dekalog, Six",0,84,Krzysztof Kieslowski,Polish,NA,Drama,1989
Aguirre:The wrath of god,88.5,85,Werner Herzog,German,Klaus Kinski,Adventure,1973
Kind Hearts and Coronets,0,83.75,Robert Hamer,English,Alec Guiness,Crime,1949
The King of Comedy,0,83.75,Martin Scorcese,English,Robert DeNiro,Crime,1983
Fargo,85,83.5,Coen Bros,English,Frances Mcdormand,Crime,1996
Manhattan,85,83.5,Woody Allen,English,Woody Allen,Drama,1979
Star Wars - Episode V - Empire Strikes Back,84.5,83.5,Irvin Kershner,English,Harrison Ford,Sci-fi,1980
The Lord of the Rings - The Return of the King,84,83.5,Peter Jackson,English,Elijah Wood,Fantasy,2003
Entre Les Murs(The Class),83,83.5,Laurent Cantet,French,François Begaudeau,Drama,2008
Annie Hall,0,83.5,Woody Allen,English,Woody Allen,Comedy,1977
Bonnie and Clyde,87,83.5,Arthur Penn,English,Warren Beatty,Crime,1967
Dodsworth,0,83.5,William Wyler,English,Walter Huston,Romance,1936
Gentleman's Agreement,0,83.5,Elia Kazan,English,Gregory Peck,Drama,1947
Grand Hotel,0,83.5,Edmund Goulding,English,Grato Garbo,Drama,1932
In the heat of the night,0,83.5,Norman Jewison,English,Sidney Poitier,Drama,1967
Lawrence of Arabia,0,83.5,David Lean,English,Peter O'Toole,Drama,1962
Letters from the Iwo Jima,0,83.5,Clint Eastwood,Japanese,Ken Watanabe,War,2006
Life is Beautiful,0,83.5,Roberto Benigni,Italian,Roberto Benigni,Drama,1997
Million Dollar baby,85,83.5,Clint Eastwood,English,Clint Eastwood,Drama,2004
Mutiny on a Bounty,0,83.5,Robert Z. Leonard,English,Clark Gable,Drama,1935
Paruthiveeran,83,83.5,Ameer,Tamil,Karthi,Drama,2007
Patton,0,83.5,Franklin J. Schaffner,English,George C.Scott,War,1970
Rebecca,0,83.5,Alfred Hitchcock,English,Lawrence Oliver,Thriller,1940
Terms of Endearment,0,83.5,James L. Brooks,English,Shirley Mclaine,Drama,1983
The Best years of our lives,0,83.5,William Wyler,English,Myrna Loy,Drama,1946
The Great Ziegfeld,0,83.5,Robert Z. Leonard,English,William Powell,Drama,1936
The Lost Weekend,0,83.5,Billy Wilder,English,Ray Milland,Drama,1945
The Singing Detective - Episode V - Pitter Patter,0,83.5,Jon Amiel,English,Michael Gambon,Drama,1986
The Singing Detective - Episode VI - Who Done It,0,83.5,Jon Amiel,English,Michael Gambon,Drama,1986
The White Balloon(Badkonake sefid),0,83.5,Jafar Panahi,Persian,Aida Mohammadkhani,Drama,1995
The Wrestler,0,83.5,Darren Aronofsky,English,Mickey Rourke,Drama,2008
Munyurangabo ,0,83.5,Lee Isaac Chung,Kinyarwanda,Jeff Rutagengwa,Drama,2009
Hunger,0,83.5,Steve McQueen,English,Michael Fassbender,Drama,2008
Fish Tank,86,85,Andrea Arnold,English,Michael Fassbender,Drama,2009
Barton Fink,82,83.25,Coen Bros,English,John Tuturro,Drama,1991
Before the Devil Knows you’re dead,86.5,83.25,Sidney Lumet,English,Philip Seymour Hoffman,Crime,2007
The Counterfeiters,0,83.25,Stefan Ruzowitzky,German,Karl Markovics,Drama,2008
Modern Times,85,83,Charlie Chaplin,English,Charlie Chaplin,Comedy,1936
The Crime of Monsieur Lange,85,83,Jean Renoir,French,NA,Drama,1936
The Green mile,85,83,Frank Darabont,English,Tom Hanks,Drama,1999
To Kill a Mockingbird,85,83,Robert Mulligan,English,Gregory Peck,Drama,1962
Water,85,83,Deepa Mehta,Hindi,John Abraham,Drama,2005
Eternal Sunshine of a Spotless Mind,84,83,NA,English,Jim Carrey,Romance,2004
Leolo,84,83,Jean-Claude Lauzon,French,Maxime Collin,Drama,1993
Match Point,84,83,Woody Allen,English,NA,Drama,2005
Star Wars - Episode IV - A New Hope,84,83,George Lucas,English,Harrison Ford,Sci-fi,1977
Bashu,83.5,83,Bahram Beizai,Persian,Susan Taslimi,Drama,1989
Luck By Chance,83.5,83,Zoya Akthar,Hindi,Farhan Akthar,Drama,2009
A Christmas Carol ,83,83,Robert Zemeckis,English,Jim Carrey,3D Animation,2009
Atonement,83,83,Joe Wright,English,James McAvoy,Drama,2007
Gwoemul(The Host)(2006),83,83,Joon Ho Bong,Korean,Kang-ho Song,Thriller,2006
Rock On,83,83,Abhishek Kapoor,English,Farhan Akthar,Drama,2008
Shutter Island,83,83,Martin Scorcese,English,Di Caprio,Thriller,2010
Ice Age 3 - Dawn of the Dinosaurs,82.5,83,Carlos Saldanha,English,Ray Romano,3D Animation,2009
Time (Shi Gan),82.5,83,Ki Duk Kim,Korean,Jung-woo Ha,Drama,2006
Trainspotting,82.5,84,Danny Boyle,English,Ewan McGregor,Drama,1996
Bride of Frankenstein,82,83,James Whale,English,Boris Karloff,Horror,1935
Once,82,83,John Carney,English,Glen Hansard,Drama,2007
Vicky Cristina Barcelona,82,83,Woody Allen,English,Javier Bardem,Romance,2008
Mission Impossible 3,81.25,83,J.J.Abrams,English,Tom Cruise,Action,2006
Indiana Jones and the Raiders of the Lost ark,81,83,Steven Spielberg,English,Harrison Ford,Action,1981
Brother bear,79.5,83,Aaron Blaise,English,NA,2D Animation,2003
Horton Hears a who,79.5,83,Blue Sky Studios,English,Jim Carrey,3D Animation,2008
A Bug's Life,78,83,Pixar,English,NA,3D Animation,1998
Amadeus,0,83,Milos Forman,English,Tom Hulce,Drama,1984
Ben Hur,0,83,Willian Wyler,English,Charlton Heston,Drama,1959
Brazil,0,83,Terry Gilliam,English,Jonathan Pryce,Sci-fi,1985
Chariots of Fire,0,83,Hugh Hudson,English,Ian Charleson,Drama,1981
Chungking Express,0,83,Wong Kar-Wai,Korean,Tony Leung Ka Fai,Romance,1994
Dances with wolves,0,83,Kevin Costner,English,Kevin Costner,Drama,1990
Dev D,84,83,Anurag Kashyap,Hindi,Abhay Deol,Romance,2009
From Here to Eternity,0,83,Fred Zinnemann,English,Montgomery Clift,Drama,1953
Happy Go Lucky,0,83,Mike Leigh,English,Sally Hawkins,Drama,2008
In A Lonely Place,0,83,Nicholas Ray,English,Humphrey Bogart,Drama,1950
Jalsagar,0,83,Sathyajit Ray,Bengali,Chabbi Biswas,Drama,1958
King Kong (1933),0,83,NA,English,NA,Adventure,1933
Matrubhoomi,0,83,Manish Jha,Hindi,Tulip Joshi,Drama,2006
Metropolis,0,83,Fritz Lang,English,Brigitte Helm,Sci-fi,1927
Mouchette,0,83,Robert Bresson,French,Nadine Nortier,Drama,1966
Mrs. Miniver,0,83,Willian Wyler,English,Greer Garson,Drama,1942
Offside,0,83,Jafar Panahi,Persian,Sima Mobarak,Sports,2006
Ordinary People,0,83,Robert Redford,English,Donald Sutherland,Drama,1980
Seven Samurai,91,86,Akira Kurasawa,Japanese,NA,Action,1954
The English Patient,87,84,Anthony Minghella,English,Ralph Fiennes,Drama,1996
The Insider,0,83,Micheal Mann,English,Russell Crowe,Drama,1999
The Last Emperor,86,83,Bernardo Bertolucci ,English,John Lone,Drama,1987
The Lord of the Rings - The Two Towers,0,83,Peter Jackson,English,Elijah Wood,Fantasy,2002
The Man for all seasons,0,83,Fred Zinnemann,English,Paul Scofield,Drama,1966
The Searchers,0,83,John Ford,English,John Wayne,Western,1956
The War of the worlds,0,83,Byron Haskin,English,Gene Barry,Sci-fi,1953
Unforgiven,85,84,Clint Eastwood,English,Clint Eastwood,Crime,1992
Sita Sings The Blues,0,83,Nina Paley,English,NA,2D Animation,2009
The Princess and the frog,0,83,Walt Disney,English,NA,2D Animation,2009
Sin Nombre,0,83,Cary Joji Fukunaga,Spanish,Paulina Gaitan ,Drama,2009
City of Men,0,83,Paulo Morelli,Portuguese,Darlen Cunha,Crime,2007
Alice doesn't live here anymore,0,83,Martin Scorcese,English,Ellen Burstyn,Drama,1974
Jackie Brown,84,83,Quentin Tarantino,English,Robert DeNiro,Crime,1997
The Secret in their eyes,0,83,Juan José Campanella,Spanish,Ricardo Darín,Crime,2009
Outsourced,85,82.75,John Jeffcoat,English,Josh Hamilton,Comedy,2007
Terrorist,82.5,82.75,Santosh Sivan,Tamil,Ayesha Darkar,Drama,1999
Das Boot,0,82.75,Wolfgang Peterson,German,Jürgen Prochnow,War,1981
Do the right thing,0,82.75,Spike Lee,English,Spike Lee,Drama,1989
Gangs of Newyork,0,82.75,Martin Scorcese,English,Di Caprio,Crime,2002
Rumble Fish,0,82.75,Francis Ford Coppola,English,Matt Dillon,Crime,1983
This is Spinal Tap,0,82.75,Rob Reiner,English,Christopher Guest,Comedy,1984
A Fistful of dollars,86,83,Sergio Leone,English,Clint Eastwood,Western,1964
The Untouchables,0,82.75,Brian De Palma,English,Kevin Costner,Crime,1987
Infernal Affairs,85.5,82.5,Andrew lau,Cantonese,Andy Lau,Crime,2003
Closely Watched Trains,85,82.5,Jirí Menzel,Czech,Václav Neckár,Drama,1966
O Brother! Where Art Thou?,84.5,82.5,Coen Bros,English,George Clooney,Comedy,2000
The Queen,84,82.5,Stephen Frears,English,Helen Mirren,Drama,2006
Navarasa,83.5,82.5,Santosh Sivan,Tamil,NA,Drama,2005
Changeling,83,82.5,Clint Eastwood,English,Angelina Jolie,Drama,2008
The Bourne Supremacy,82.5,82.5,Paul Greengrass,English,Matt Damon,Action,2004
28 Days Later,82,82.5,Danny Boyle,English,Cillian Murphy,Horror,2003
Blood Simple,82,82.5,Coen Bros,English,John Getz,Thriller,1984
Once upon a time in the west,82,82.5,Sergio Leone,English,Henry Fonda,Western,1968
Thin Red Line,82,82.5,Terrence Malick,English,Sean Penn,War,1998
Indiana Jones and the Kingdom of the crystal skull,81.5,82.5,Steven Spielberg,English,Harrison Ford,Adventure,2008
The Prestige,81.5,82.5,Christopher Nolan,English,Christian Bale,Drama,2006
Shrek the third,81,82.5,Chris Miller ,English,NA,3D Animation,2007
Millions,76,82.5,Danny Boyle,English,Alexander Nathan,Drama,2005
After Hours,0,82.5,Martin Scorcese,English,Griffin Dunes,Thriller,1985
Bobby,0,82.5,Emilio Estevez,English,Antony Hopkins,Drama,2006
Braveheart,0,82.5,Mel Gibson,English,Mel Gibson,War,1995
Chinatown,0,82.5,Roman Polanski,English,Jack Nicholson,Crime,1974
Frost/Nixon,0,82.5,Ron Howard,English,Frank Langella,Drama,2008
Matchstick Men,0,82.5,Ridley Scott,English,Nicholas Cage,Drama,2003
Micheal Clayton,83,83,Tony Gilroy,English,George Clooney,Drama,2007
Ocean's 11,0,82.5,Steven Soderbergh,English,George Clooney,Action,2001
Out of Africa,0,82.5,Sydney Pollack,English,Meryl Streep,Drama,1985
Out of the Past,0,82.5,Jacques Tourneur,English,Robert Mitchum,Drama,1947
Sideways,0,82.5,Alexander Payne,English,Paul Giamatti,Comedy,2004
The Color of Money,0,82.5,Martin Scorcese,English,Paul Newman,Drama,1986
The Lady Eve,0,82.5,Preston Sturges,English,Henry Fonda,Comedy,1941
The Life of Emile Zola,0,82.5,William Dieterle,English,Paul Muni,Drama,1937
The Orphanage(El Orfanato),0,82.5,Juan Antonio Bayona,Spanish,Belen Rueda,Thriller,2007
The Sound of Music,0,82.5,Robert Wise,English,Julie Andrews,Drama,1965
The Wizard of Oz,0,82.5,Victor Fleming,English,Judy Garland,Fantasy,1939
Invictus,0,82.5,Clint Eastwood,English,Morgan Freeman,Drama,2009
(500) Days of Summer,0,82.5,Marc Webb,English,Joseph Gordon-Levitt,Comedy,2009
The Crowd,0,82.5,King Vidor,Silent,NA,Drama,1928
For a few dollars more,85,82.5,Sergio Leone,English,Clint Eastwood,Western,1965
Swing Time,0,82.5,George Stevens,English,Fred Astaire,Musical,1936
Barry Lyndon,0,82.25,Stanley Kubrick,English,Ryan O'Neal,Drama,1975
Bridge to Terabithia,0,82.25,Gabor Csupo,English,Josh Hutcherson,Drama,2007
The French Connection,0,82.25,William Friedkin,English,Gene Hackman,Crime,1971
The Maltese Falcon,0,82.25,John Huston,English,Humphrey Bogart,Crime,1941
Gone Baby Gone,83,82,Ben Affleck,English,Cassey Affleck,Drama,2007
Memento,83,82,Christopher Nolan,English,Guy Pearce,Thriller,2000
Old Boy,83,82,Chan-wook Park,Korean,Min-sik Choi,Action,2003
One Flew over the cuckoo's nest,83,82,Milos Forman,English,Jack Nicholson,Drama,1975
Pan's Labyrinth,83,82,Guillermo del Toro,Spanish,Segri Lopez,Fantasy,2006
Star Wars -Episode III - Revenge of the Sith,83,82,George Lucas,English,Ewan McGregor,Fantasy,2005
Bi Mong (Dream),82.5,82,Ki Duk Kim,Korean,NA,Drama,2008
Sunshine,82.5,82,Danny Boyle,English,Chris Evans,Sci-fi,2007
Inside Man,82,82,Spike Lee,English,Denzel Washington,Thriller,2006
The Ant Bully,82,82,John A Davis,English,Nicolas Cage,3D Animation,2006
Khosla Ka Ghosla,81.5,82,Dibakar Banerjee,Hindi,Anupam Kher,Comedy,2006
World Trade Center,81.5,82,Oliver Stone,English,Nicolage Cage,Drama,2006
Death at a funeral,81,82,Frank Oz,English,Matthew Macfadyen ,Comedy,2007
Indiana Jones and the The Last Crusade,81,82,Steven Spielberg,English,Harrison Ford,Action,1989
Star Wars -Episode VI - Return of the Jedi,81,82,Richard Marquand,English,Harrison Ford,Sci-fi,1983
The Purple rose of cairo,81,82,Woody Allen,English,Jeff Daniels,Comedy,1985
Kaminey,80,82,Vishal Bharadwaj,Hindi,Shahid Kapoor,Crime,2009
Over The hedge,80,82,Dreamworks Anim,English,NA,3D Animation,2006
Apollo 13,0,82,Ron Howard,English,Tom Hanks,Drama,1995
Being John Malkovich,82,82,Spike Jonze,English,John Cussack,Drama,1999
Boxcar Bertha,0,82,Martin Scorcese,English,Barbara Heshey,Crime,1972
Cimarron,0,82,Wesley Ruggles,English,Richard Dix,Drama,1931
Contact,0,82,Robert Zemeckis,English,Jodie Foster,Sci-fi,1997
Driving Miss Daisy,0,82,Bruce Beresford,English,Morgan Freeman,Drama,1989
Hamlet,0,82,Laurence Oliver,English,Lawrence Oliver,Drama,1948
Midnight Cowboy,0,82,John Schlesinger,English,Dustin Hoffman,Drama,1969
Milk,0,82,Gus Van Sant,English,Sean Penn,Biopic,2008
My Fair Lady,0,82,George Cukor,English,Audrey Hepburn,Musical,1964
Rocky,0,82,John G. Avildsen,English,Sylvester Stallone,Drama,1976
"Sex, Lies and Videotape",0,82,Steven Soderbergh,English,James Spader,Drama,1989
Shakespeare in Love,0,82,John Madden,English,Joseph Fiennes,Romance,1998
The Discreet Charm of Bourgeoisie,0,82,Luis Bunuel,French,Jean-Pierre Cassel,Comedy,1972
The Reader,0,82,Stephen Daldry,English,Kate Winslet,Drama,2008
The Sting,0,82,George Roy Hill,English,Paul Newman,Crime,1973
The Treasure of Sierra Madre,0,82,John Huston,English,Humphrey Bogart,Adventure,1948
Twelve Monkeys,0,82,Terry Gilliam,English,Bruce Willis,Sci-fi,1995
West Side Story,0,82,Robert Wise,English,Natalie Wood,Musical,1961
An Education,0,82,Lone Scherfig,English,Carey Mulligan,Drama,2009
The Messenger,0,82,Oren Moverman,English,Ben Foster,Drama,2009
Jarhead,83.5,82,Sam Mendes,English,Jake Gyllenhaal,War,2005
The Illusionist,0,81.75,Neil Burger,English,Edward Norton,Thriller,2006
Subramaniyapuram,82.5,81.5,Sasikumar,Tamil,Jai,Drama,2008
The Sugarland Express,82,81.5,Steven Spielberg,English,Goldie Hawn,Crime,1974
The Fly,80.5,81.5,David Cronenberg,English,Jeff Goldblum,Horror,1986
Wide Awake,80,81.5,Night Shyamalan,English,Joseph Cross,Drama,1998
Who Framed the Roger Rabbit,75,81.5,Robert Zemeckis,English,Bob Haskins,Drama,1988
Blade Runner,85,82,Ridley Scott,English,Harrison Ford,Sci-fi,1982
Cavalcade,0,81.5,Frank Lloyd,English,Diana Wynyard,Drama,1933
Cool Hand Luke,0,81.5,Stuart Rosenberg,English,Paul Newman,Drama,1967
Drunken Master,0,81.5,Yuen Woo-ping,English,Jackie Chan,Action,1979
Drunken Master II - The Legend of Drunken Master,0,81.5,Lau Kar-Leung,English,Jackie Chan,Action,1994
Eastern Promises,82.5,81.25,David Cronenberg,English,Viggo Mortensen,Crime,2006
Sweeney Todd-The Demon Barber of the fleet street,82.5,81.25,Tim Burton,English,Johhny Depp,Horror,2007
Charlie Wilson's War,0,81.25,Mike Nichols,English,Tom Hanks,Drama,2007
Die Hard,85,81,John McTiernan,English,Bruce Willis,Action,1988
Borat,82.5,81,Larry Charles,English,Sacha Baron Cohen,Comedy,2007
Whatever Works,82.5,81,Woody Allen,English,Larry David,Comedy,2009
Bommarillu,82,81,Bhaskar,Telugu,Siddarth,Romance,2006
Imsai Arasan 23 Pulikesi,82,81,Simbudevan,Tamil,Vadivelu,Comedy,2006
Se7en,82,81,David Fincher,English,Brad Pitt,Crime,1995
The Lord of the Rings - The Fellowship of the ring,82,81,Peter Jackson,English,Elijah Wood,Fantasy,2001
Harry Potter and the Half-Blood Prince,81.5,81,David Yates,English,Daniel Radcliffe,Fantasy,2009
Lost in Translation(2003),80,81,Sofia Coppola,English,Bill Murray,Romance,2003
Madagascar - Escape 2 Africa ,80,81,Dreamworks Anim,English,Ben Stiller,3D Animation,2008
Ocean's 12,80,81,Steven Soderbergh,English,George Clooney,Action,2004
Indiana Jones and The Temple of the Doom,79,81,Steven Spielberg,English,Harrison Ford,Action,1984
A Blind Side,0,81,John Lee Hancock,English,Sandra Bullock,Drama,2009
Children of Paradise,0,81,Marcel Carne,French,Jean-Louis Barrault,Drama,1945
Kaloori,0,81,Balaji Sakthivel,Tamil,NA,Drama,2007
Khuda Ke Liye,0,81,Shoaib Mansoor,Urdu,NA,Drama,2007
Ocean's 13,0,81,Steven Soderbergh,English,George Clooney,Action,2007
The Broadway melody,0,81,Harry Beaumont,English,Bessie Love,Drama,1929
The Kite Runner,0,81,Marc Foster,English,Khalid Abdalla,Drama,2007
The Philadephia Story,0,81,George Cukor,English,Cary Grant,Comedy,1940
Aamir,0,80.75,Rajkumar Gupta,Hindi,Rajeev Khandewal,Drama,2008
Lion King,82,80.5,2D Animation,English,NA,2D Animation,1994
Saroja,82,80.5,Venkat Prabhu,Tamil,Charan,Drama,2008
Tare Zameen Par,82,80.5,Aamir Khan,Hindi,Aamir Khan,Drama,2007
1408-,81,80.5,Mikael Hafstrom,English,John Cussack,Horror,2007
Apocalypto,0,80.5,Mel Gibson,Maya,NA,Action,2006
Brother Bear 2,0,80.5,Benjamin Gluck,English,Patrick Dempsey,2D Animation,2006
Crouching Tiger Hidden Dragon,0,80.5,Ang Lee,Mandarin,Chow Yun Fat,Action,2000
Going my way,0,80.5,Leo McCarey,English,Bing Crosby,Drama,1944
L.A.Confidential,0,80.5,Curtis Hanson,English,Russell Crowe,Crime,1997
Makdee,0,80.5,Vishal Bharadwaj,Hindi,Swetha,Thriller,2002
Syriana,0,80.5,Stephen Gaghan,English,George Clooney,Drama,2005
The Darjeeling Limited,0,80.5,Wes Anderson,English,Owen Wilson,Drama,2007
The Informant,0,80.5,Steven Soderbergh,English,Matt Damon,Comedy,2009
Troy,0,80.5,Wolfgang Peterson,English,Brad Pitt,War,2004
Camille,0,80.5,George Cukor,English,Greta Garbo,Romance,1936
Katradhu Tamizh,75,80.25,Ram,Tamil,Jeeva,Crime,2007
Black Hawk Down,0,80.25,Ridley Scott,English,Eric Bana,War,2001
Trade,0,80.25,Marco Kreuzpaintner,English,NA,Drama,2007
Chak De India(2007),83,80,Shimit Amin,Hindi,Shahrukh Khan,Drama,2007
Azhagiya Theeye,81.5,80,NA,English,Prasanna,Drama,NA
Bhalae pandiya,81,80,NA,Tamil,Sivaji Ganesan,Comedy,1962
Unbreakable,81,80,Night Shyamalan,English,Bruce Willis,Thriller,2000
TMNT,80.5,80,Kevin Munroe,English,NA,3D Animation,2007
Final Fantasy-The Spirits Within,79,80,NA,English,NA,3D Animation,2001
Antz,78,80,Dreamworks Anim,English,NA,3D Animation,1998
Moondru Mudichu,78,80,Balachandar,Tamil,Rajinikanth,Drama,1976
An American in Paris,0,80,Vincente Minnelli,English,Gene Kelly,Musical,1951
Around the world in 80 days,0,80,Michael Anderson,English,David Niven,Adventure,1956
Cliffhanger,0,80,NA,English,Sylvester Stallone,Action,NA
Meenaxi,0,80,M F Hussain,Hindi,Kunal Kapoor,Drama,2004
Parineeta,0,80,Pradeep Sarkar,Hindi,Saif Ali Khan,Romance,2005
The Lookout,0,80,Scott Frank,English,Joseph Gorden Levitt,Thriller,2007
Oliver,0,79.5,Carol Reed,English,Ron Moody,Musical,1968
The Greatest show on Earth,0,79.5,Cecil B. DeMile,English,Charlton Heston,Drama,1952
Unfaithful,0,79.5,Adrain Lyne,English,Richard gere,Thriller,2002
Rocket Singh: Salesman of the year,0,79.5,Shimit Amin,Hindi,Ranbir Kapoor,Drama,2009
X Men 2 (X 2) (X Men United),82,79,Bryan Singer,English,Hugh Jackman,Sci-fi,2003
Star Wars -Episode II - The Attack of the Clones,81,79,George Lucas,English,Ewan McGregor,Fantasy,2002
Shark tale,80,79,Dreamworks Anim,English,NA,3D Animation,2004
X Men 3 - The Last Stand,80,79,Brett Ratner,English,Hugh Jackman,Sci-fi,2006
Casino Royale,79,79,Martin Campbell ,English,Daniel Criag,Action,2006
Sabhash Meena,79,79,NA,Tamil,Sivaji Ganesan,Comedy,1958
"Chronicles of Narnia:The Lion,Witch and Wardrobe",78,79,Andrew Adamson,English,NA,Adventure,2005
Dasvidaniya,0,79,NA,Hindi,NA,NA,2008
In the line of fire,0,79,Wolfgang Peterson,English,Clint Eastwood,Thriller,1993
Inventing the abbots,0,79,Patt O Connor,English,Jacquelin Phoenix,Romance,1997
Knocked Up,0,79,Judd Apatow,English,Seth Rogen,Comedy,2007
Pudhupettai,0,83,Selvaragavan,Tamil,Dhanush,Crime,2006
Sollamale,0,79,Sasi,Tamil,Livingston,Romance,NA
Tropic Thunder,0,79,Ben Stiller,English,Ben Stiller,Comedy,2008
The Lovely Bones,0,78.5,Peter Jackson,English,Mark Wahlberg,Thriller,2009
Lion King 1 and 1/2,83,78,NA,English,NA,2D Animation,2004
Star Wars -Episode I - The Phantom Menace,80.5,78,George Lucas,English,Liam Neeson,Sci-fi,1983
1941-,80,78,Steven Spielberg,English,John Belushi,Comedy,1979
Kanda Naal Mudhal,80,78,Priya,Tamil,Prasanna,Romance,2005
Morning Raaga,80,78,NA,Hindi,Shabana Azmi,Drama,2004
Nuvosthanante Nenodantana,80,78,Prabhu Deva,Telugu,Siddarth,Drama,2005
Don,79,78,Farhan Akthar,Hindi,Shahrukh Khan,Action,2006
Mozhi,79,78,RadhaMohan,Tamil,Prithviraj,Drama,2007
Vanilla Sky,76,78,NA,English,Tom Cruise,Drama,2001
Anjathey,0,78,Mysskin,Tamil,Naren,Crime,2008
Derailed,0,78,NA,English,Clive Owen,Thriller,2005
Fire,0,78,Deepa Mehta,Hindi,Nandita Das,Drama,1996
Live Free or Die Hard(2007),0,78,NA,English,Bruce Willis,Action,2007
Nizhal Nijamagirathu,0,78,Balachandar,Tamil,Kamal Haasan,Drama,1978
Oye Lucky! Lucky Oye!,82,78,Dibakar Banerjee,Hindi,Abhay Deol,Drama,2008
Provoked,0,78,Jag Mundhra,English,Aishwarya Rai,Drama,2006
Sholay,0,78,Ramesh Sippy,English,Dharmendra,Action,1975
W.,0,78,Oliver Stone,English,Josh Brolin,Biopic,2008
Mission Impossible,78,77.5,Brian De Palma,English,Tom Cruise,Action,1996
Mahakavi Kaalidas,81,77,NA,Tamil,Sivaji Ganesan,Period,NA
Lady in the water,80,77,Night Shyamalan,English,Paul Giamatti,Thriller,2006
The Happening,80,77,Night Shyamalan,English,Mark Wahlberg,Thriller,2008
The Pirates of the carribean - At World's end,79.5,77,Gore Verbinski,English,Johhny Depp,Adventure,2007
Chronicles of Narnia:Prince Caspian,78,77,Andrew Adamson,English,NA,Fantasy,2008
The Wild,78,77,Walt Disney,English,NA,3D Animation,2006
Tamizh Padam,78,77,C.S.Amudhan,Tamil,Shiva,Comedy,2010
A Fish Called Wanda,0,77,Charles Crichton,English,John Cheese,Comedy,1988
Bruno,0,77,Larry Charles,English,Sacha Baron Cohen,Comedy,2009
Disturbia,0,77,D.J.Caruso,English,Shia Beoluf,Thriller,2007
Munna Bhai MBBS,0,77,NA,Hindi,Sanjay Dutt,Comedy,2003
Quantum of Solace,0,77,Marc Foster,English,Daniel Criag,Action,2008
Roja Koottam,0,77,Sasi,Tamil,Srikanth,Drama,NA
The Good german,0,77,Steven Soderbergh,English,George Clooney,Drama,2006
Tom Jones,0,77,Tony Richardson,English,Albert Finney,Comedy,1963
Wake Up Sid,81.5,77,NA,Hindi,Ranbir Kapoor,Drama,2009
What Lies Beneath,0,77,Robert Zemeckis,English,Harrison Ford,Thriller,2000
Cloverfield,0,76.5,Matt Reeves,English,Micheal Stahl-david,Thriller,2008
Evano Oruvan,0,76.5,Nishant Kamat,Tamil,Madhavan,Drama,2007
Kabul Express,0,76.5,Kabir Khan,Hindi,John Abraham,Comedy,2006
Nammavar,0,76.5,Sethu Madhavan,Tamil,Kamal Haasan,Drama,1995
Night at the Museum,0,76.5,Shawn Levy,English,Ben Stiller,Adventure,2007
X Men,81.5,76,Bryan Singer,English,Hugh Jackman,Sci-fi,2000
Arangetram,80,76,Balachandar,Tamil,Kamal Haasan,Drama,1973
Barnyard,79,76,Steve Oedekerk,English,Kevin James,3D Animation,2006
Billa,74,76,Vishnuvardhan,Tamil,Ajith,Action,2007
Gigi,0,76,Vincente Minnelli,English,Leslie Caron,Musical,1958
Mumbai Express,76,75,Singitham Srinivasa Rao,Tamil,Kamal Haasan,Comedy,2005
Hook,75,75,Steven Spielberg,English,Robin Williams,Fantasy,1991
Om Shanti Om,75,75,Farah Khan,Hindi,Shahrukh Khan,Drama,2007
Exorcist,73,75,NA,English,NA,Horror,1973
Gopura vasalilae,0,75,Priyadarshan,Tamil,Karthik,Drama,1991
Looking for a comedy in the muslim world,0,75,Albert Brooks,English,Albert Brooks,Comedy,2006
My Blueberry Nights,0,75,Wong Kar-Wai,English,Jude Law,Romance,2008
Paheli,0,75,Amol Palekar,Hindi,Shahrukh Khan,Drama,2006
Stuart Little 3,78,74,NA,English,NA,2D Animation,2005
X Men Origins - Wolverine,73,74,Gavin Hood,English,Hugh Jackman,Adventure,2009
Parthiban Kanavu,65,74,NA,Tamil,Srikanth,Drama,2003
Body of Lies,0,74,Ridley Scott,English,Di Caprio,Action,2008
Death becomes her,0,74,Robert Zemeckis,English,Bruce Willis,Comedy,1992
Hum Tum,0,74,Kunal Kohli,Hindi,Saif Ali Khan,Romance,2004
Music and Lyrics,0,74,NA,English,Hugh Grant,Romance,2007
Speed Racer,0,74,Wochaski Bros,English,Emile Hirsch,Fantasy,2008
Superbad,0,74,Greg Mottola,English,Jonah Hill,Comedy,2007
Mission Impossible 2,72,73.5,John Woo,English,Tom Cruise,Action,2000
Cats and Dogs,73,73,Larry Guterman,English,Jeff Goldblum,Comedy,2001
Kuch Kuch Hota Hai,0,73,Karan Johar,Hindi,Shahrukh Khan,Romance,1998
Kung Fu Hustle,0,73,Stephen Chow,Mandarin,Stephen Chow,Action,2005
Pearl Harbor,0,73,Micheal Bay,English,Ben Affleck,War,2001
Saawariya,0,73,Sanjay Leela Bhansali,Hindi,Ranbir Kapoor,Romance,2007
Samurai,0,73,Balaji Sakthivel,Tamil,Vikram,Thriller,2002
Jab We Met,70,72,NA,Hindi,Shahid Kapoor,Romance,NA
Delhi 6,0,72,Rakeysh Omprakash Mehra,Hindi,Abhishek Bachan,Drama,2009
Julie Ganapathi,0,72,Balumahendra,Tamil,Jayaram,Thriller,2003
Pokkiri,0,72,Prabhu Deva,Tamil,Vijay,Action,2006
Gilli,66,71,Dharani,Tamil,Vijay,Drama,2004
What's Up Tiger Lily?,0,71,Woody Allen,English,Woody Allen,Comedy,1966
The Butterfly Effect,72,70,NA,English,Ashton Kutcher,Drama,2004
The Last Command,0,70,Frank Lloyd,English,NA,Drama,1955
Yaaradi Nee Mohini,0,70,Jawahar,Tamil,Dhanush,Drama,2008
Dil to Pagal Hai,0,66,Yash Chopra,Hindi,Shahrukh Khan,Romance,1997
"10,000 BC",0,65,Roland Emmerich,English,Steven Strait,Adventure,2008
Bheema,0,65,Lingu Samy,Tamil,Vikram,Action,2008
Chronicles of Riddick,0,65,NA,English,Vin Diesel,Action,2004
101 Dalmations 2,73,64,NA,English,NA,2D Animation,2000
RV,0,63,Barry Sonnenfeld,English,Robbie Williams,Comedy,2006
Kuselan,0,60,P Vasu,Tamil,Rajinikanth,Drama,2008
Thullatha manamum Thullum,35,55,NA,Tamil,Vijay,Drama,NA
Snehitiye,0,55,Priyadarshan,Tamil,Jothika,Thriller,2000
Alibaba,55,54,Pentamedia,English,NA,3D Animation,2002
Ninaithale Innikum,70,52,Balachandar,Tamil,Kamal Haasan,Drama,1979
Majnu,0,50,Ravichandran,Tamil,Prasanth,Drama,2001
Vel,0,47,Hari,Tamil,Surya,Action,2007
Darkness Falls,72,45,NA,English,NA,Thriller,2003
Azhagiya Tamizh Magan,0,45,Bharathan[2],Tamil,Vijay,Action,2007
Punnagai Desam,0,45,NA,Tamil,Tarun,Drama,NA
Krish,55,40,Rajesh Roshan,Hindi,Hrithik Roshan,Action,2006
Idhaya Koil,0,38,Manirathnam,Tamil,Mohan,Drama,1985
Citizen,0,30,Saravana Subaiya,Tamil,Ajith,Drama,2001
Masti,0,30,NA,Hindi,NA,Comedy,2004
Vanaja Girija,0,20,Kayaar,Tamil,Urvasi,Comedy,1994
Aey,0,18,Venkatesh,Tamil,Sarath kumar,Action,NA
Hum Aapke Hain Kaun,0,17,Sooraj R.Barjatya,Hindi,Salman Khan,Romance,1994
Varavu ettana selavu pathena,0,8,V Sekar,Tamil,Nasser,Drama,1994
Sri,0,4,NA,Tamil,Surya,Drama,NA
Avargal,80,0,Balachandar,Tamil,Kamal Haasan,Drama,1977
Kokoda,80,0,Alister Grierson,English,NA,War,2006
Elizabeth - The Golden Age,78,0,Shekhar Kapur,English,Cate Blanchett,Period,2004
Hancock,78,0,Peter Berg,English,Will Smith,Action,2008
The Blairwitch Project,78,0,"Daniel Myrick, Eduardo Sanchez",English,Heather Donahue,Horror,1999
I'm Legend,74,0,Francis Lawrence,English,Will Smith,Thriller,2007
Tears of the sun,65,0,Antoine Fuqua,English,Bruce Willis,Action,2003
Click,50,0,NA,English,Adam Sandler,Comedy,2006
"Mummy, Tomb of the Dragon Emperor",45,0,Rob Cohen ,English,Brendon Fraser,Adventure,2008
10 things I hate about you ,0,0,NA,English,Antony Hopkins,NA,NA
1920-,0,0,NA,NA,NA,NA,NA
21-,0,0,NA,English,NA,NA,NA
27 Dresses,0,0,NA,English,Katherine Heigl,Comedy,NA
Aadhavan,0,0,K S Ravikumar,Tamil,Surya,Action,2009
Arundathee,0,0,NA,Tamil,NA,Horror,2009
Bewitched,0,0,NA,English,NA,NA,NA
Coming to America,0,0,NA,English,Eddie Murphy,Comedy,NA
Coyote Ugly,0,0,NA,English,NA,NA,NA
Dead Poet's Society,0,0,NA,English,NA,Drama,NA
Ella Enchanted,0,0,NA,English,Anne Hathaway,Fantasy,2004
Emma,0,0,NA,English,NA,NA,NA
Fracture,0,0,NA,English,Antony Hopkins,NA,NA
Freedom Writers,0,0,NA,English,Hillary Swank,Drama,NA
Ghajini,0,0,Murugadoss,Hindi,Aamir Khan,Action,2008
Gothika,0,0,NA,English,NA,NA,NA
Happily N ever after,0,0,NA,English,NA,3D Animation,NA
Heaven on Earth,0,0,Deepa Mehta,Hindi,Preity Zinta,Drama,2009
Iris,0,0,NA,English,NA,NA,NA
It’s a boy girl thing,0,0,NA,English,NA,NA,NA
Kandhakottai,0,0,NA,Tamil,Nakulan,Drama,2009
Love Actually,0,0,NA,English,NA,Romance,NA
Manhattan Murder Mystery,0,0,Woody Allen,English,NA,Comedy,NA
Mansfield Park ,0,0,NA,English,NA,NA,NA
Mean Girls,0,0,NA,English,NA,NA,NA
Mean Girls,0,0,NA,English,NA,NA,NA
Minsara Kanna,0,0,NA,Tamil,Vijay,NA,NA
Mr. Lucky,0,0,NA,English,Cary Grant,Comedy,NA
My Big Fat Greek wedding,0,0,NA,English,NA,NA,NA
Newyork,0,0,Kabir Khan,Hindi,John Abraham,Drama,2009
Nothing But the truth,0,0,NA,English,Antony Hopkins,NA,NA
Office Space,0,0,NA,English,NA,NA,NA
Orphan,0,0,NA,English,NA,NA,2009
Persuasion ,0,0,NA,English,NA,NA,NA
Pride & Prejudice,0,0,NA,English,NA,NA,NA
Pride and Glory,0,0,NA,English,Antony Hopkins,NA,NA
Prince & Me,0,0,NA,English,NA,NA,NA
Runaway Bride ,0,0,NA,English,NA,NA,NA
Sense & Sensibility ,0,0,NA,English,NA,NA,NA
Seven Pounds,0,0,NA,English,Will Smith,Drama,NA
She's The Man,0,0,NA,English,NA,NA,NA
Sleepless in Seattle,0,0,NA,English,NA,NA,NA
Stardust,0,0,NA,English,NA,NA,NA
State of the Play,0,0,NA,English,Russell Crowe,Drama,2009
The Boy in Striped Pyjamas,0,0,NA,English,NA,Drama,2008
The cat on a hot tin roof,0,0,NA,English,Paul Newman,Drama,NA
The Intrepreter,0,0,NA,English,NA,NA,NA
The Last Samurai,0,0,NA,English,Tom Cruise,Action,NA
The Passion of the Christ,0,0,Mel Gibson,English,NA,Drama,NA
The Soloist,0,0,NA,English,Robert Downey Jr,Drama,2008
Thomas Crown Affair,0,0,NA,English,NA,NA,NA
Traitor ,0,0,NA,English,NA,NA,NA
Watchmen,0,0,Zack Snider,English,NA,Action,2009
What happens in Vegas,0,0,NA,English,NA,NA,NA
Miracle at St.Anna,0,0,Spike Lee,English,NA,War,2008
Definitely May be,0,0,NA,English,NA,NA,NA
Shallow Hal,0,0,NA,English,Jack Black,Comedy,NA
Men of Honor,0,0,NA,English,NA,NA,NA
Bride Wars,0,0,NA,English,Anne Hathaway,NA,NA
Cruel Intentions,0,0,NA,English,NA,NA,NA
Someone like you,0,0,NA,English,NA,NA,NA
Primal Fear,0,0,NA,English,NA,NA,NA
He's not just that into you,0,0,NA,English,NA,Romance,NA
Theeratha Vilayattu Pillai,0,0,NA,Tamil,NA,NA,2010
She's Out of my league,0,0,NA,English,NA,NA,2010
How to train your dragon,83,84,Dreamworks Anim,English,NA,3D Animation,2010
Ghosts of the girlfriend's past,0,0,NA,English,NA,Comedy,2009
Paiyya,0,0,Lingu Samy,Tamil,Karthi,Action,2010
"Dekalog, Eight",0,83.5,Krzysztof Kieslowski,Polish,NA,Drama,1989
"Dekalog, Nine",0,84,Krzysztof Kieslowski,Polish,NA,Drama,1989
"Dekalog, Ten",0,84.5,Krzysztof Kieslowski,Polish,NA,Drama,1989
Sanjuro,87.5,85,Akira Kurasawa,Japanese,NA,Action,1962
Baby Face,0,84,Alfred E. Green ,English,Barbara Stanwyck,Drama,1933
Pyaasa,0,82,Guru Dutt,Hindi,Guru Dutt,Drama,1957
Thank You For  Smoking,0,81,Jason Reitman,English,Aaron Eckhart,Drama,2006
Detour,0,84,Edgar G. Ulmer,English,Tom Neal,Crime,1945
A Touch of zen,0,81,King Hu,Mandarin,Hsu Feng,Action,1969
Eraserhead,0,85.5,David Lynch,English,Jack Nance,Horror,1976
Monsoon Wedding,0,84,Mira Nair,English,Naseerudin Shah,Drama,2001
Pasanga,0,77,Pandiraj,Tamil,NA,Drama,2009
The Big Lebowski,0,82.5,Coen Bros,English,Jeff Bridges,Drama,1998
Kundun,0,83,Martin Scorcese,English,NA,Drama,1996
My best friend's wedding,0,80,NA,English,NA,NA,1996
Mundhinam parthene,0,0,NA,English,NA,NA,1996
Traffic,0,81.5,Steven Soderbergh,English,Micheal Douglas,Drama,2000
The Abyss,0,83,James Cameron,English,Ed Harris,Sci-fi,1989
The Man who wasn't there,0,82.5,Coen Bros,English,Billy Bob Thornton,Drama,2001
The Twilight Zone : The Movie ,0,74.5,NA,English,NA,Horror,1983
Waltz with bashir,84,83,Ari Folman,Isreali,NA,2D Animation,2008
Alice in Wonderland,0,80.5,Tim Burton,English,Johnny Depp,Fantasy,2010
Battle of Algiers,0,87.5,Gillo Pontecorvo,Italian,Jean Martin,War,1966
Iron Man 2,82,82,Jon Favreau,English,Robert Downey Jr,Action,2010
Shrek Forever After,81,81,Dreamworks Anim,English,NA,3D Animation,2010
Berlin Alexanderplatz,0,86.5,Rainer Werner Fassbinder,German,Günter Lamprecht,Drama,1980
Spirited Away,0,83.5,Hayao Miyazaki,Japanese,NA,2D Animation,2002
Intolerable Cruelty,0,81,Coen Bros,English,George Clooney,Comedy,2003
Teen Kanya - The Postmaster ,0,91,Sathyajit Ray,Bengali,NA,Drama,1961
La Dolce Vita,0,85,Federico Fellini,Italian,Marcello Mastroianni,Drama,1960
The Ladykillers,0,82,Coen Bros,English,Tom Hanks,Comedy,2004
The Pianist ,87,84,Roman Polanski,English,Adrian Brody,War,2002
Bringing out the dead,0,83,Martin Scorcese,English,Nicolas Cage,Drama,1999
Sarkar,0,77,Ramgopal Varma,Hindi,Amitabh Bachhan,Crime,2005
Green Zone,81,78,Paul Greengrass,English,Matt Damon,War,2010
Rules of the Game,0,85,Jean Renoir,French,Marcel Dalio,Drama,1939
Get him to greek,0,0,NA,English,NA,NA,NA
No Reservations,0,0,NA,English,NA,NA,NA
Toy Story 3,87,88,Pixar,English,Tom Hanks,3D Animation,2010
Raavan,65,0,Manirathnam,Hindi,Abhishek Bachan,Drama,2010
Hudsucker Proxy,0,81.5,Coen Bros,English,Tim Robbins,Comedy,1994
Angadi Theru,81,82,Vasantha balan,Tamil,Mahesh,Drama,2010
Raavanan,0,74,Manirathnam,Tamil,Mahesh,Drama,2010
Teen Kanya - Monihara,0,88,Sathyajit Ray,Bengali,NA,Drama,1961
Teen Kanya - Samapti,0,89,Sathyajit Ray,Bengali,NA,Drama,1961
Inception,85,85.5,Christopher Nolan,English,Di Caprio,Sci-fi,2010
Despicable Me,0,83,NA,English,NA,3D Animation,2010
Karate Kid,0,0,NA,English,Jackie Chan,Action,2010
Uncle Nino,0,0,NA,English,NA,NA,NA
Madarasapatinam,0,76,Vijay,Tamil,Arya,Drama,2010
Good Will Hunting,0,0,NA,English,Robin Williams,Drama,NA
Following,0,82,Christopher Nolan,English,Jeremy Theobald,Drama,1998
Nadodigal,81,81.5,P. Samuthirakani,Tamil,Sasikumar,Drama,2009
"Synecdoche, New York",0,84.5,Charlie Kaufman,English,Phillip Seymour Hoffman,Drama,2008
Tell No One,0,81,Guillaume Canet,French,Francois Cluzet,Thriller,2008
Mystic River,0,85.5,Clint Eastwood,English,Sean Penn,Thriller,2003
A History of Violence,0,84,David Cronenberg,English,Viggo Mortensen,Crime,2005
Spartacus,0,82,Stanley Kubrick,English,Kirk Douglas,Drama,1960
8 Mile,0,81,Curtis Hanson,English,Eminem,Drama,2002
Bad Company,0,0,NA,English,NA,NA,NA
Confessions of a shopoholic,0,0,NA,English,NA,NA,NA
Sleepers,0,0,NA,English,NA,NA,NA
Timer,0,0,NA,English,NA,NA,NA
Volver,0,84,Pedro Almodovar,Spanish,Penelope Cruz,Drama,2006
Who's that knocking at my door,0,84,Martin Scorcese,English,Harvey Keitel,Drama,1967
Donnie Darko,0,82,Richard Kelly,English,Jake Gyllenhaal,Sci-fi,2001
Amelie,91,86,Jean-Pierre Jeunet ,French,Audrey Tautou,Drama,2001
Karthik Calling Karthik,0,0,NA,Hindi,Farhan Akthar,Thriller,2010
Mrs.Winterbourne,0,0,NA,English,NA,NA,NA
Valentine's Day,0,0,NA,English,NA,NA,NA
Sunshine Cleaning,0,0,NA,English,NA,NA,NA
The Last airbender,70,0,Night Shyamalan,English,NA,Fantasy,2010
The Little Soldier (Le Petit Soldat),0,84,Jean Luc- Godard,French,"Michel Subor 
",Drama,1960
Eeram,0,78,NA,Tamil,Aadhi,Thriller,2009
Boss (A) Baskaran,80.5,78,NA,Tamil,Arya,Comedy,2010
Endhiran,78,79,Shankar,Tamil,Rajinikanth,Sci-fi,2010
Magnolia,0,82,Paul Anderson,English,Tom Cruise,Drama,1999
The Social Network,89,84.5,David Fincher,English,Andrew Garfield,Drama,2010
Rettai Suzhi,0,0,NA,Tamil,Balachandar,Drama,2009
Peepli Live,0,78,Anusha Rizvi,Hindi,Omkar Das,Drama,2010
To Catch a Thief,0,81,Alfred Hitchcock,English,Cary Grant,Thriller,1955
Astro Boy,0,80,David Bowers ,English,Freddie Highmore,3D Animation,2009
Hereafter,80,81,Clint Eastwood,English,Matt Damon,Drama,2010
The Girl with the dragon tattoo,87,83.5,Niels Arden Oplev ,Swedish,Noomi Rapace,Drama,2010
Megamind,81,83,Tom McGrath ,English,Will Farrell,3D Animation,2010
Ever After - A Cindrella Story,0,0,Andy Tennant ,English,Drew Barrymore,Romance,1998
Raktha Charithra,0,0,Ramgopal Varma,Hindi,Vivek Oberai,Crime,2010
High and Low,85,0,Akira Kurasawa,Japanese,Toshiro Mifune,Drama,1962
The Hidden Fortress,86,0,Akira Kurasawa,Japanese,Toshiro Mifune,Adventure,1958
Mynaa,0,0,Prabhu Solomon,Tamil,NA,Drama,2010
Kagemusha (The Shadow Warrior),83,0,Akira Kurasawa,Japanese,Tatsuya Nakadai,Action,1980
"The Good , The Bad and The Weird",85,0,Ji-Woon Kim,Korean,Woo-Sung jung,Action,2010
Tangled,85,84,Disney,English,NA,3D Animation,2010
Harry Potter and the Deathly Hallows - Part I,84,82,David Yates,English,Daniel Radcliffe,Fantasy,2010
The Town,0,83.5,Ben Affleck,English,Ben Affleck,Crime,2010
Black Swan,85,84,Darren Aronofsky,English,Natalie Portman,Drama,2010
Animal Kingdom,0,85,David Michôd,English,James Frecheville,Crime,2010
Hwal (The Bow),0,84,Ki Duk Kim,Korean,Jeon Sung-Hwan,Drama,2005
Okuribito (Departures),0,88,Yojiro Takita,Japanese,Masahiro Motoki,Drama,2008
Manmadhan Ambu,78,73,K S Ravikumar,Tamil,Kamal Haasan,Comedy,2010
Winter's Bone ,87,85,Debra Granik,English,Jennifer Lawrence,Drama,2010
Uncle Boonmee who can recall his past lives,0,80,Apichatpong Weerasethakul,Thai,Thanapat Saisaymar,Drama,2010
True Grit ,0,84,Coen Bros,English,Jeff Bridges,Western,2010
Of Gods and Men,0,86,Xavier Beauvois,French,Jean-Marie Frin,Drama,2010
The Fighter,85,83,David O Russell,English,Mark Wahlberg,Drama,2010
Poetry,0,84,Chang-dong Lee,Korean,Kim Hi-Ra,Drama,2010
127 Hours,0,85,Danny Boyle,English,James Franco,Adventure,2010
Mother,0,84.5,Joon Ho Bong,Korean,Hye-ja Kim,Crime,2010
Naan Mahaan Alla ,0,70,NA,Tamil,Karthi,Crime,2010
The King's Speech,0,83,Tom Hooper,English,Colin Firth,Drama,2010
The Legend of the Guardians - The owls of Ga'hoole,0,83,Zack Snider,English,Sam Neill,3D Animation,2010
Aadukalam,0,80,Vetrimaran,Tamil,Dhanush,Drama,2010
Hearts in Atlantis,0,0,NA,NA,NA,NA,NA
Death at a funeral (2010),0,0,NA,NA,NA,NA,NA
Thillalangadi,0,0,NA,NA,NA,NA,NA
Nandalala,81,81,Mysskin,Tamil,Mysskin,Drama,2010
The Mechanic,74,0,NA,English,Jason Stathom,Action,2011
Dogtooth,85,85,Giorgos Lanthimos,Greek,Christos Stergioglou,Drama,2009
Magadheera,0,75,NA,Telugu,NA,Action,2009
Monsters,84,82,Gareth Edwards,English,Scoot McNairy ,Thriller,2010
Enter the void,88,86,Gasper Noe,English,Cyril Roy,Thriller,2009
Let Me In,86,85,Matt Reeves,English,Chloe Moretz,Horror,2010
Nadunisi Naaygal,0,0,Gautham Menon,Tamil,Sameera Reddy,Horror,2011
Yudham Sei,0,0,Mysskin,Tamil,Cheran,Crime,2011
Dutchess,0,0,NA,English,NA,NA,NA
Six wives of Henry Lefay,0,0,NA,English,NA,NA,NA
City Island,0,0,NA,English,NA,NA,NA
The Illusionist (2010),0,86,Sylvain Chomet,French,Jean-Claude Donda,2D Animation,2010
The Fountain,0,81,Darren Aronofsky,English,Hugh Jackman,Sci-fi,2006
The Last COmmand ,0,86,Josef Von Sternberg,English,Emil Jannings,Drama,1928
Cache,0,84,Michael Haneke,French,Daniel Auteuil,Thriller,2005
Heat,0,83,Micheal Mann,English,Al Pacino,Crime,1995
Buried,0,82,Rodrigo Cortés,English,Ryan Reynolds,Thriller,2010
Duck Soup,0,87,Leo McCarey,English,Marx Brothers,Comedy,1933
Certified Copy,0,84,Abbas Kiarostami,French,Juliette Binoche ,Drama,2010
Back to the future ,0,84,Robert Zemeckis,English,Michael J. Fox,Sci-fi,1985
Back to the future Part II,0,84,Robert Zemeckis,English,Michael J. Fox,Sci-fi,1989
Back to the future Part III,0,84,Robert Zemeckis,English,Michael J. Fox,Sci-fi,1990
The Third Man,0,85,Carol Reed,English,Orson Welles,Thriller,1949
The Nightmare before christmas,0,82,Henry Selick,English,NA,Stop Motion,1993
The Lost World (1925),0,85,Harry O. Hoyt,English,Bessie Love,Adventure,1925
The Age of Innocence,0,83,Martin Scorcese,English,Daniel Day Lewis,Romance,1993
7 Khoon Maaf,0,82,Vishal Bharadwaj,Hindi,Priyanka Chopra,Crime,2011
Rango,86,0,Gore Verbinski,English,Johnny Depp,3D Animation,2011
Kalavaani,78,0,NA,Tamil,Vimal,Drama,2010
Bluff master,0,0,NA,Hindi,Abhishek Bachan,Drama,NA
Searching for Bobby Fisher,0,0,NA,English,NA,NA,NA
Losing Isaiah,0,0,NA,English,NA,NA,NA
Man from earth,0,0,NA,English,NA,NA,NA
Paycheck,0,0,NA,English,NA,NA,NA
Unthinkable,0,0,NA,English,NA,NA,NA
We are family,0,0,NA,English,NA,NA,NA
Listen to your heart,0,0,NA,English,NA,NA,NA
,,,,,,,
,,,,,,,
,,,,,,,
,,,,,,,
,,,,,,,
,40.4451431,65.55680833,,,,,
